antibody_id,antibody_name,SMAC,HIC,PR_CHO,PR_Ova,AC-SINS_pH6.0,AC-SINS_pH7.4,Tonset,Tm1,Tm2,vh_protein_sequence,vl_protein_sequence,hc_subtype,lc_subtype,Titer
GDPa1-001,abagovomab,2.7300000000000004,2.59,0.337837415,0.263108397,0.35,2.125,62.145,69.535,83.08,QVKLQESGAELARPGASVKLSCKASGYTFTNYWMQWVKQRPGQGLDWIGAIYPGDGNTRYTHKFKGKATLTADKSSSTAYMQLSSLASEDSGVYYCARGEGNYAWFAYWGQGTTVTVSS,DIELTQSPASLSASVGETVTITCQASENIYSYLAWHQQKQGKSPQLLVYNAKTLAGGVSSRFSGSGSGTHFSLKIKSLQPEDFGIYYCQHHYGILPTFGGGTKLEIK,IgG1,Kappa,140.25
GDPa1-002,abituzumab,2.745,2.545,0.205246232,0.10015514,1.1,1.5,60.63,69.93,80.33,QVQLQQSGGELAKPGASVKVSCKASGYTFSSFWMHWVRQAPGQGLEWIGYINPRSGYTEYNEIFRDKATMTTDTSTSTAYMELSSLRSEDTAVYYCASFLGRGAMDYWGQGTTVTVSS,DIQMTQSPSSLSASVGDRVTITCRASQDISNYLAWYQQKPGKAPKLLIYYTSKIHSGVPSRFSGSGSGTDYTFTISSLQPEDIATYYCQQGNTFPYTFGQGTKVEIK,IgG2,Kappa,193.31
GDPa1-003,abrezekimab,2.74,2.705,0.138772594,0.10117974,0.75,1.0,57.36,68.765,85.03,QVTLKESGPVLVKPTETLTLTCTVSGFSLTNYHVQWIRQPPGKALEWLGVMWSDGDTSFNSVLKSRLTISRDTSKSQVVLTMTNMDPVDTATYYCARDGTIAAMDYFDYWGQGTLVTVSS,DIQMTQSPSSLSASVGDRVTITCLASEDISNYLAWYQQKPGKAPKLLIYHTSRLQDGVPSRFSGSGSGTDFTLTISSLQPEDFATYYCQQGYRFPLTFGGGTKVEIK,IgG4,Kappa,114.75
GDPa1-004,abrilumab,2.715,2.565,0.0,0.054970786,0.4599999999999999,-0.375,64.175,72.38,75.93,QVQLVQSGAEVKKPGASVKVSCKVSGYTLSDLSIHWVRQAPGKGLEWMGGFDPQDGETIYAQKFQGRVTMTEDTSTDTAYMELSSLKSEDTAVYYCATGSSSSWFDPWGQGTLVTVSS,DIQMTQSPSSVSASVGDRVTITCRASQGISSWLAWYQQKPGKAPKLLIYGASNLESGVPSRFSGSGSGTDFTLTISSLQPEDFANYYCQQANSFPWTFGQGTKVEIK,IgG2,Kappa,327.32
GDPa1-005,adalimumab,2.705,2.495,0.183386944,0.085627858,0.61,7.5,62.35,72.0,84.84,EVQLVESGGGLVQPGRSLRLSCAASGFTFDDYAMHWVRQAPGKGLEWVSAITWNSGHIDYADSVEGRFTISRDNAKNSLYLQMNSLRAEDTAVYYCAKVSYLSTASSLDYWGQGTLVTVSS,DIQMTQSPSSLSASVGDRVTITCRASQGIRNYLAWYQQKPGKAPKLLIYAASTLQSGVPSRFSGSGSGTDFTLTISSLQPEDVATYYCQRYNRAPYTFGQGTKVEIK,IgG1,Kappa,313.39
GDPa1-006,aducanumab,2.725,2.46,0.3387489,0.311388023,1.36,27.0,61.605,70.505,85.88,QVQLVESGGGVVQPGRSLRLSCAASGFAFSSYGMHWVRQAPGKGLEWVAVIWFDGTKKYYTDSVKGRFTISRDNSKNTLYLQMNTLRAEDTAVYYCARDRGIGARRGPYYMDVWGKGTTVTVSS,DIQMTQSPSSLSASVGDRVTITCRASQSISSYLNWYQQKPGKAPKLLIYAASSLQSGVPSRFSGSGSGTDFTLTISSLQPEDFATYYCQQSYSTPLTFGGGTKVEIK,IgG1,Kappa,367.3
GDPa1-007,alemtuzumab,2.7,2.45,0.162422898,0.131833584,0.1,-1.375,57.92,71.63,80.75,QVQLQESGPGLVRPSQTLSLTCTVSGFTFTDFYMNWVRQPPGRGLEWIGFIRDKAKGYTTEYNPSVKGRVTMLVDTSKNQFSLRLSSVTAADTAVYYCAREGHTAAPFDYWGQGSLVTVSS,DIQMTQSPSSLSASVGDRVTITCKASQNIDKYLNWYQQKPGKAPKLLIYNTNNLQTGVPSRFSGSGSGTDFTFTISSLQPEDIATYYCLQHISRPRTFGQGTKVEIK,IgG1,Kappa,190.23
GDPa1-008,alirocumab,2.71,2.535,0.124314371,0.1004918705,-0.14,3.125,62.510000000000005,74.15,77.64,EVQLVESGGGLVQPGGSLRLSCAASGFTFNNYAMNWVRQAPGKGLDWVSTISGSGGTTNYADSVKGRFIISRDSSKHTLYLQMNSLRAEDTAVYYCAKDSNWGNFDLWGRGTLVTVSS,DIVMTQSPDSLAVSLGERATINCKSSQSVLYRSNNRNFLGWYQQKPGQPPNLLIYWASTRESGVPDRFSGSGSGTDFTLTISSLQAEDVAVYYCQQYYTTPYTFGQGTKLEIK,IgG1,Kappa,89.39
GDPa1-009,amatuximab,2.7350000000000003,2.67,0.387663837,0.438514215,1.1,18.125,60.825,70.55,82.81,QVQLQQSGPELEKPGASVKISCKASGYSFTGYTMNWVKQSHGKSLEWIGLITPYNGASSYNQKFRGKATLTVDKSSSTAYMDLLSLTSEDSAVYFCARGGYDGRGFDYWGSGTPVTVSS,DIELTQSPAIMSASPGEKVTMTCSASSSVSYMHWYQQKSGTSPKRWIYDTSKLASGVPGRFSGSGSGNSYSLTISSVEAEDDATYYCQQWSKHPLTFGSGTKVEIK,IgG1,Kappa,224.95
GDPa1-010,andecaliximab,3.455,3.155,0.179621132,0.146250073,-0.39,-0.5,62.57,70.2,81.515,QVQLQESGPGLVKPSETLSLTCTVSGFSLLSYGVHWVRQPPGKGLEWLGVIWTGGTTNYNSALMSRFTISKDDSKNTVYLKMNSLKTEDTAIYYCARYYYGMDYWGQGTLVTVSS,DIQMTQSPSSLSASVGDRVTITCKASQDVRNTVAWYQQKPGKAPKLLIYSSSYRNTGVPDRFSGSGSGTDFTLTISSLQAEDVAVYYCQQHYITPYTFGGGTKVEIK,IgG1,Kappa,291.17
GDPa1-011,anetumab,2.775,2.81,0.166793484,0.100809936,17.75,19.0,62.31,72.355,82.96,QVELVQSGAEVKKPGESLKISCKGSGYSFTSYWIGWVRQAPGKGLEWMGIIDPGDSRTRYSPSFQGQVTISADKSISTAYLQWSSLKASDTAMYYCARGQLYGGTYMDGWGQGTLVTVSS,DIALTQPASVSGSPGQSITISCTGTSSDIGGYNSVSWYQQHPGKAPKLMIYGVNNRPSGVSNRFSGSKSGNTASLTISGLQAEDEADYYCSSYDIESATPVFGGGTKLTVL,IgG1,Lambda,261.98
GDPa1-012,anifrolumab,2.6900000000000004,2.4800000000000004,0.124314371,0.1004918705,0.61,-0.875,60.295,69.545,83.41499999999999,EVQLVQSGAEVKKPGESLKISCKGSGYIFTNYWIAWVRQMPGKGLESMGIIYPGDSDIRYSPSFQGQVTISADKSITTAYLQWSSLKASDTAMYYCARHDIEGFDYWGRGTLVTVSS,EIVLTQSPGTLSLSPGERATLSCRASQSVSSSFFAWYQQKPGQAPRLLIYGASSRATGIPDRLSGSGSGTDFTLTITRLEPEDFAVYYCQQYDSSAITFGQGTRLEIK,IgG1,Kappa,92.11
GDPa1-013,anrukinzumab,2.76,2.7350000000000003,0.0,0.0,0.86,1.0,64.23,72.44,82.81,EVQLVESGGGLVQPGGSLRLSCAASGFTFISYAMSWVRQAPGKGLEWVASISSGGNTYYPDSVKGRFTISRDNAKNSLYLQMNSLRAEDTAVYYCARLDGYYFGFAYWGQGTLVTVSS,DIQMTQSPSSLSASVGDRVTITCKASESVDNYGKSLMHWYQQKPGKAPKLLIYRASNLESGVPSRFSGSGSGTDFTLTISSLQPEDFATYYCQQSNEDPWTFGGGTKVEIK,IgG1,Kappa,301.96
GDPa1-014,atezolizumab,4.08,3.755,0.0,0.0,2.36,8.5,60.82,70.525,85.575,EVQLVESGGGLVQPGGSLRLSCAASGFTFSDSWIHWVRQAPGKGLEWVAWISPYGGSTYYADSVKGRFTISADTSKNTAYLQMNSLRAEDTAVYYCARRHWPGGFDYWGQGTLVTVSS,DIQMTQSPSSLSASVGDRVTITCRASQDVSTAVAWYQQKPGKAPKLLIYSASFLYSGVPSRFSGSGSGTDFTLTISSLQPEDFATYYCQQYLYHPATFGQGTKVEIK,IgG1,Kappa,319.37
GDPa1-015,avelumab,2.975,3.115,0.060415292,0.100596161,0.1,2.625,61.12,71.57,83.34,EVQLLESGGGLVQPGGSLRLSCAASGFTFSSYIMMWVRQAPGKGLEWVSSIYPSGGITFYADTVKGRFTISRDNSKNTLYLQMNSLRAEDTAVYYCARIKLGTVTTVDYWGQGTLVTVSS,QSALTQPASVSGSPGQSITISCTGTSSDVGGYNYVSWYQQHPGKAPKLMIYDVSNRPSGVSNRFSGSKSGNTASLTISGLQAEDEADYYCSSYTSSSTRVFGTGTKVTVL,IgG1,Lambda,359.69
GDPa1-016,bapineuzumab,2.7,2.46,0.124314371,0.1004918705,0.1,-0.875,62.14,72.69,85.13,EVQLLESGGGLVQPGGSLRLSCAASGFTFSNYGMSWVRQAPGKGLEWVASIRSGGGRTYYSDNVKGRFTISRDNSKNTLYLQMNSLRAEDTAVYYCVRYDHYSGSSDYWGQGTLVTVSS,DVVMTQSPLSLPVTPGEPASISCKSSQSLLDSDGKTYLNWLLQKPGQSPQRLIYLVSKLDSGVPDRFSGSGSGTDFTLKISRVEAEDVGVYYCWQGTHFPRTFGQGTKVEIK,IgG1,Kappa,168.63
GDPa1-017,basiliximab,2.6900000000000004,2.635,0.124314371,0.1004918705,1.86,22.125,55.55,64.18,81.96,QVQLQQSGTVLARPGASVKMSCKASGYSFTRYWMHWIKQRPGQGLEWIGAIYPGNSDTSYNQKFEGKAKLTAVTSASTAYMELSSLTHEDSAVYYCSRDYGYYFDFWGQGTTLTVSS,QIVSTQSPAIMSASPGEKVTMTCSASSSRSYMQWYQQKPGTSPKRWIYDTSKLASGVPARFSGSGSGTSYSLTISSMEAEDAATYYCHQRSSYTFGGGTKLEIK,IgG1,Kappa,126.74
GDPa1-018,bavituximab,3.89,3.085,0.124314371,0.1004918705,3.86,27.0,57.355,65.82,82.83,EVQLQQSGPELEKPGASVKLSCKASGYSFTGYNMNWVKQSHGKSLEWIGHIDPYYGDTSYNQKFRGKATLTVDKSSSTAYMQLKSLTSEDSAVYYCVKGGYYGHWYFDVWGAGTTVTVSS,DIQMTQSPSSLSASLGERVSLTCRASQDIGSSLNWLQQGPDGTIKRLIYATSSLDSGVPKRFSGSRSGSDYSLTISSLESEDFVDYYCLQYVSSPPTFGAGTKLELK,IgG1,Kappa,108.15
GDPa1-019,belantamab,2.72,2.79,0.359070212,0.21545234,0.86,5.625,62.005,70.33500000000001,84.515,QVQLVQSGAEVKKPGSSVKVSCKASGGTFSNYWMHWVRQAPGQGLEWMGATYRGHSDTYYNQKFKGRVTITADKSTSTAYMELSSLRSEDTAVYYCARGAIYDGYDVLDNWGQGTLVTVSS,DIQMTQSPSSLSASVGDRVTITCSASQDISNYLNWYQQKPGKAPKLLIYYTSNLHSGVPSRFSGSGSGTDFTLTISSLQPEDFATYYCQQYRKLPWTFGQGTKLEIK,IgG1,Kappa,345.31
GDPa1-020,belimumab,2.8,2.91,0.21442229,0.10213157,0.61,0.625,55.815,65.12,79.255,QVQLQQSGAEVKKPGSSVRVSCKASGGTFNNNAINWVRQAPGQGLEWMGGIIPMFGTAKYSQNFQGRVAITADESTGTASMELSSLRSEDTAVYYCARSRDLLLFPHHALSPWGRGTMVTVSS,SSELTQDPAVSVALGQTVRVTCQGDSLRSYYASWYQQKPGQAPVLVIYGKNNRPSGIPDRFSGSSSGNTASLTITGAQAEDEADYYCSSRDSSGNHWVFGGGTELTVL,IgG1,Lambda,301.96
GDPa1-021,bemarituzumab,2.72,2.7350000000000003,0.0,0.0,0.1,-1.375,60.995000000000005,69.94999999999999,86.50999999999999,QVQLVQSGAEVKKPGSSVKVSCKASGYIFTTYNVHWVRQAPGQGLEWIGSIYPDNGDTSYNQNFKGRATITADKSTSTAYMELSSLRSEDTAVYYCARGDFAYWGQGTLVTVSS,DIQMTQSPSSLSASVGDRVTITCKASQGVSNDVAWYQQKPGKAPKLLIYSASYRYTGVPSRFSGSGSGTDFTFTISSLQPEDIATYYCQQHSTTPYTFGQGTKLEIK,IgG1,Kappa,257.51
GDPa1-022,benralizumab,2.85,2.72,0.338173403,0.268561003,2.46,14.625,61.38,70.65,82.03,EVQLVQSGAEVKKPGASVKVSCKASGYTFTSYVIHWVRQRPGQGLAWMGYINPYNDGTKYNERFKGKVTITSDRSTSTVYMELSSLRSEDTAVYLCGREGIRYYGLLGDYWGQGTLVTVSS,DIQMTQSPSSLSASVGDRVTITCGTSEDIINYLNWYQQKPGKAPKLLIYHTSRLQSGVPSRFSGSGSGTDFTLTISSLQPEDFATYYCQQGYTLPYTFGQGTKVEIK,IgG1,Kappa,291.17
GDPa1-023,bevacizumab,3.17,3.1950000000000003,0.124314371,0.1004918705,0.86,1.125,62.86,71.50999999999999,85.245,EVQLVESGGGLVQPGGSLRLSCAASGYTFTNYGMNWVRQAPGKGLEWVGWINTYTGEPTYAADFKRRFTFSLDTSKSTAYLQMNSLRAEDTAVYYCAKYPHYYGSSHWYFDVWGQGTLVTVSS,DIQMTQSPSSLSASVGDRVTITCSASQDISNYLNWYQQKPGKAPKVLIYFTSSLHSGVPSRFSGSGSGTDFTLTISSLQPEDFATYYCQQYSTVPWTFGQGTKVEIK,IgG1,Kappa,89.39
GDPa1-024,bezlotoxumab,2.6950000000000003,2.4450000000000003,0.355925294,0.374958206,1.61,17.125,62.5,71.08,84.93,EVQLVQSGAEVKKSGESLKISCKGSGYSFTSYWIGWVRQMPGKGLEWMGIFYPGDSSTRYSPSFQGQVTISADKSVNTAYLQWSSLKASDTAMYYCARRRNWGNAFDIWGQGTMVTVSS,EIVLTQSPGTLSLSPGERATLSCRASQSVSSSYLAWYQQKPGQAPRLLIYGASSRATGIPDRFSGSGSGTDFTLTISRLEPEDFAVYYCQQYGSSTWTFGQGTKVEIK,IgG1,Kappa,151.33
GDPa1-025,bimagrumab,2.765,2.83,0.446444933,0.412552632,11.36,26.0,63.435,74.93,82.81,QVQLVQSGAEVKKPGASVKVSCKASGYTFTSSYINWVRQAPGQGLEWMGTINPVSGSTSYAQKFQGRVTMTRDTSISTAYMELSRLRSDDTAVYYCARGGWFDYWGQGTLVTVSS,QSALTQPASVSGSPGQSITISCTGTSSDVGSYNYVNWYQQHPGKAPKLMIYGVSKRPSGVSNRFSGSKSGNTASLTISGLQAEDEADYYCGTFAGGSYYGVFGGGTKLTVL,IgG1,Lambda,393.89
GDPa1-026,bimekizumab,2.715,2.83,0.124314371,0.1004918705,1.36,2.625,70.16,76.24,82.81,EVQLVESGGGLVQPGGSLRLSCAASGFTFSDYNMAWVRQAPGKGLEWVATITYEGRNTYYRDSVKGRFTISRDNAKNSLYLQMNSLRAEDTAVYYCASPPQYYEGSIYRLWFAHWGQGTLVTVSS,AIQLTQSPSSLSASVGDRVTITCRADESVRTLMHWYQQKPGKAPKLLIYLVSNSEIGVPDRFSGSGSGTDFRLTISSLQPEDFATYYCQQTWSDPWTFGQGTKVEIK,IgG1,Kappa,116.1
GDPa1-027,bleselumab,2.7300000000000004,2.6,0.391114106,0.353035041,2.1,20.125,55.2,70.77000000000001,81.66499999999999,QLQLQESGPGLLKPSETLSLTCTVSGGSISSPGYYGGWIRQPPGKGLEWIGSIYKSGSTYHNPSLKSRVTISVDTSKNQFSLKLSSVTAADTAVYYCTRPVVRYFGWFDPWGQGTLVTVSS,AIQLTQSPSSLSASVGDRVTITCRASQGISSALAWYQQKPGKAPKLLIYDASNLESGVPSRFSGSGSGTDFTLTISSLQPEDFATYYCQQFNSYPTFGQGTKVEIK,IgG4,Kappa,212.57
GDPa1-029,bococizumab,3.605,2.76,0.463392419,0.438708867,15.6,20.125,62.03,70.22,77.46000000000001,QVQLVQSGAEVKKPGASVKVSCKASGYTFTSYYMHWVRQAPGQGLEWMGEISPFGGRTNYNEKFKSRVTMTRDTSTSTVYMELSSLRSEDTAVYYCARERPLYASDLWGQGTTVTVSS,DIQMTQSPSSLSASVGDRVTITCRASQGISSALAWYQQKPGKAPKLLIYSASYRYTGVPSRFSGSGSGTDFTFTISSLQPEDIATYYCQQRYSLWRTFGQGTKLEIK,IgG2,Kappa,167.77
GDPa1-030,brazikumab,6.585,4.5,0.231378768,0.011455979,1.46,0.125,60.46,70.52000000000001,80.685,QVQLVESGGGVVQPGRSLRLSCAASGFTFSSYGMHWVRQAPGKGLEWVAVIWYDGSNEYYADSVKGRFTISRDNSKNTLYLQMNSLRAEDTAVYYCARDRGYTSSWYPDAFDIWGQGTMVTVSS,QSVLTQPPSVSGAPGQRVTISCTGSSSNTGAGYDVHWYQQVPGTAPKLLIYGSGNRPSGVPDRFSGSKSGTSASLAITGLQAEDEADYYCQSYDSSLSGWVFGGGTRLTVL,IgG1,Lambda,320.38
GDPa1-031,brentuximab,2.68,3.025,0.141960087,0.014825025,0.36,-1.375,61.46,69.81,85.93,QIQLQQSGPEVVKPGASVKISCKASGYTFTDYYITWVKQKPGQGLEWIGWIYPGSGNTKYNEKFKGKATLTVDTSSSTAFMQLSSLTSEDTAVYFCANYGNYWFAYWGQGTQVTVSA,DIVLTQSPASLAVSLGQRATISCKASQSVDFDGDSYMNWYQQKPGQPPKVLIYAASNLESGIPARFSGSGSGTDFTLNIHPVEEEDAATYYCQQSNEDPWTFGGGTKLEIK,IgG1,Kappa,244.68
GDPa1-032,briakinumab,2.745,2.58,0.343380136,0.276920018,19.36,25.5,61.48,73.44,82.81,QVQLVESGGGVVQPGRSLRLSCAASGFTFSSYGMHWVRQAPGKGLEWVAFIRYDGSNKYYADSVKGRFTISRDNSKNTLYLQMNSLRAEDTAVYYCKTHGSHDNWGQGTMVTVSS,QSVLTQPPSVSGAPGQRVTISCSGSRSNIGSNTVKWYQQLPGTAPKLLIYYNDQRPSGVPDRFSGSKSGTSASLAITGLQAEDEADYYCQSYDRYTHPALLFGTGTKVTVL,IgG1,Lambda,451.1
GDPa1-033,brodalumab,2.755,2.5,0.446018038,0.458326251,1.96,14.0,60.825,70.565,78.91,QVQLVQSGAEVKKPGASVKVSCKASGYTFTRYGISWVRQAPGQGLEWMGWISTYSGNTNYAQKLQGRVTMTTDTSTSTAYMELRSLRSDDTAVYYCARRQLYFDYWGQGTLVTVSS,EIVMTQSPATLSVSPGERATLSCRASQSVSSNLAWFQQKPGQAPRPLIYDASTRATGVPARFSGSGSGTDFTLTISSLQSEDFAVYYCQQYDNWPLTFGGGTKVEIK,IgG2,Kappa,281.07
GDPa1-034,brontictuzumab,2.9000000000000004,2.87,0.10650231,0.10873503,1.96,14.0,59.57,74.38,77.17500000000001,QVQLVQSGAEVKKPGASVKISCKVSGYTLRGYWIEWVRQAPGKGLEWIGQILPGTGRTNYNEKFKGRVTMTADTSTDTAYMELSSLRSEDTAVYYCARFDGNYGYYAMDYWGQGTTVTVSS,QAVVTQEPSLTVSPGGTVTLTCRSSTGAVTTSNYANWFQQKPGQAPRTLIGGTNNRAPGVPARFSGSLLGGKAALTLSGAQPEDEAEYYCALWYSNHWVFGGGTKLTVL,IgG2,Lambda,363.39
GDPa1-035,budigalimab,2.74,2.62,0.124314371,0.1004918705,0.96,-1.375,59.605,67.64500000000001,82.35499999999999,EIQLVQSGAEVKKPGSSVKVSCKASGYTFTHYGMNWVRQAPGQGLEWVGWVNTYTGEPTYADDFKGRLTFTLDTSTSTAYMELSSLRSEDTAVYYCTREGEGLGFGDWGQGTTVTVSS,DVVMTQSPLSLPVTPGEPASISCRSSQSIVHSHGDTYLEWYLQKPGQSPQLLIYKVSNRFSGVPDRFSGSGSGTDFTLKISRVEAEDVGVYYCFQGSHIPVTFGQGTKLEIK,IgG1,Kappa,110.8
GDPa1-036,burosumab,2.725,2.565,0.212187151,0.0,0.4599999999999999,-0.875,58.725,67.51,82.435,QVQLVQSGAEVKKPGASVKVSCKASGYTFTNHYMHWVRQAPGQGLEWMGIINPISGSTSNAQKFQGRVTMTRDTSTSTVYMELSSLRSEDTAVYYCARDIVDAFDFWGQGTMVTVSS,AIQLTQSPSSLSASVGDRVTITCRASQGISSALVWYQQKPGKAPKLLIYDASSLESGVPSRFSGSGSGTDFTLTISSLQPEDFATYYCQQFNDYFTFGPGTKVDIK,IgG1,Kappa,203.48
GDPa1-037,cabiralizumab,2.6950000000000003,2.72,0.124314371,0.1004918705,0.35,-0.375,58.45,68.935,86.08,QVQLVQSGAEVKKPGSSVKVSCKASGYTFTDNYMIWVRQAPGQGLEWMGDINPYNGGTTFNQKFKGRVTITADKSTSTAYMELSSLRSEDTAVYYCARESPYFSNLYVMDYWGQGTLVTVSS,EIVLTQSPATLSLSPGERATLSCKASQSVDYDGDNYMNWYQQKPGQAPRLLIYAASNLESGIPARFSGSGSGTDFTLTISSLEPEDFAVYYCHLSNEDLSTFGGGTKVEIK,IgG4,Kappa,57.13
GDPa1-038,camidanlumab,2.75,2.66,0.378758786,0.362563378,1.1,15.0,60.19499999999999,72.75,77.89,QVQLVQSGAEVKKPGSSVKVSCKASGGTFSRYIINWVRQAPGQGLEWMGRIIPILGVENYAQKFQGRVTITADKSTSTAYMELSSLRSEDTAVYYCARKDWFDYWGQGTLVTVSS,EIVLTQSPGTLSLSPGERATLSCRASQSVSSYLAWYQQKPGQAPRLLIYGASSRATGIPDRFSGSGSGTDFTLTISRLEPEDFAVYYCQQYGSSPLTFGGGTKVEIK,IgG1,Kappa,352.37
GDPa1-039,camrelizumab,3.13,3.1,0.017078399,0.100144368,5.609999999999999,15.5,58.455,68.77,82.81,EVQLVESGGGLVQPGGSLRLSCAASGFTFSSYMMSWVRQAPGKGLEWVATISGGGANTYYPDSVKGRFTISRDNAKNSLYLQMNSLRAEDTAVYYCARQLYYFDYWGQGTTVTVSS,DIQMTQSPSSLSASVGDRVTITCLASQTIGTWLTWYQQKPGKAPKLLIYTATSLADGVPSRFSGSGSGTDFTLTISSLQPEDFATYYCQQVYSIPWTFGGGTKVEIK,IgG4,Kappa,265.64
GDPa1-040,carlumab,2.76,3.13,0.344063711,0.100360044,0.36,0.0,62.54,74.83,82.81,QVQLVQSGAEVKKPGSSVKVSCKASGGTFSSYGISWVRQAPGQGLEWMGGIIPIFGTANYAQKFQGRVTITADESTSTAYMELSSLRSEDTAVYYCARYDGIYGELDFWGQGTLVTVSS,EIVLTQSPATLSLSPGERATLSCRASQSVSDAYLAWYQQKPGQAPRLLIYDASSRATGVPARFSGSGSGTDFTLTISSLEPEDFAVYYCHQYIQLHSFTFGQGTKVEIK,IgG1,Kappa,257.51
GDPa1-041,cemiplimab,2.73,2.7300000000000004,0.124314371,0.1004918705,1.86,1.125,60.825,70.55,82.81,EVQLLESGGVLVQPGGSLRLSCAASGFTFSNFGMTWVRQAPGKGLEWVSGISGGGRDTYFADSVKGRFTISRDNSKNTLYLQMNSLKGEDTAVYYCVKWGNIYFDYWGQGTLVTVSS,DIQMTQSPSSLSASVGDSITITCRASLSINTFLNWYQQKPGKAPNLLIYAASSLHGGVPSRFSGSGSGTDFTLTIRTLQPEDFATYYCQQSSNTPFTFGPGTVVDFR,IgG4,Kappa,72.14
GDPa1-042,certolizumab,3.06,3.18,0.0,0.0,-0.14,1.625,60.805,70.56,86.035,EVQLVESGGGLVQPGGSLRLSCAASGYVFTDYGMNWVRQAPGKGLEWMGWINTYIGEPIYADSVKGRFTFSLDTSKSTAYLQMNSLRAEDTAVYYCARGYRSYAMDYWGQGTLVTVSS,DIQMTQSPSSLSASVGDRVTITCKASQNVGTNVAWYQQKPGKAPKALIYSASFLYSGVPYRFSGSGSGTDFTLTISSLQPEDFATYYCQQYNIYPLTFGQGTKVEIK,IgG1,Kappa,313.39
GDPa1-043,cetrelimab,3.15,3.4,0.124314371,0.1004918705,15.75,15.5,60.25,71.42,82.81,QVQLVQSGAEVKKPGSSVKVSCKASGGTFSSYAISWVRQAPGQGLEWMGGIIPIFDTANYAQKFQGRVTITADESTSTAYMELSSLRSEDTAVYYCARPGLAAAYDTGSLDYWGQGTLVTVSS,EIVLTQSPATLSLSPGERATLSCRASQSVRSYLAWYQQKPGQAPRLLIYDASNRATGIPARFSGSGSGTDFTLTISSLEPEDFAVYYCQQRNYWPLTFGQGTKVEIK,IgG4,Kappa,69.28
GDPa1-044,cetuximab,2.745,2.815,0.124314371,0.1004918705,0.1,1.125,63.155,72.66,84.92,QVQLKQSGPGLVQPSQSLSITCTVSGFSLTNYGVHWVRQSPGKGLEWLGVIWSGGNTDYNTPFTSRLSINKDNSKSQVFFKMNSLQSNDTAIYYCARALTYYDYEFAYWGQGTLVTVSA,DILLTQSPVILSVSPGERVSFSCRASQSIGTNIHWYQQRTNGSPRLLIKYASESISGIPSRFSGSGSGTDFTLSINSVESEDIADYYCQQNNNWPTTFGAGTKLELK,IgG1,Kappa,78.27
GDPa1-045,cixutumumab,3.025,3.265,0.303633934,0.159265411,9.1,15.5,65.285,73.36,83.41,EVQLVQSGAEVKKPGSSVKVSCKASGGTFSSYAISWVRQAPGQGLEWMGGIIPIFGTANYAQKFQGRVTITADKSTSTAYMELSSLRSEDTAVYYCARAPLRFLEWSTQDHYYYYYMDVWGKGTTVTVSS,SSELTQDPAVSVALGQTVRITCQGDSLRSYYATWYQQKPGQAPILVIYGENKRPSGIPDRFSGSSSGNTASLTITGAQAEDEADYYCKSRDGSGQHLVFGGGTKLTVL,IgG1,Lambda,417.22
GDPa1-046,clazakizumab,2.7350000000000003,2.685,0.100153602,0.0,0.1,0.125,64.14,73.095,85.11,EVQLVESGGGLVQPGGSLRLSCAASGFSLSNYYVTWVRQAPGKGLEWVGIIYGSDETAYATSAIGRFTISRDNSKNTLYLQMNSLRAEDTAVYYCARDDSSDWDAKFNLWGQGTLVTVSS,AIQMTQSPSSLSASVGDRVTITCQASQSINNELSWYQQKPGKAPKLLIYRASTLASGVPSRFSGSGSGTDFTLTISSLQPDDFATYYCQQGYSLRNIDNAFGGGTKVEIK,IgG1,Kappa,236.56
GDPa1-047,codrituzumab,2.68,2.465,0.35260593,0.277393223,0.35,1.625,63.645,70.81,76.515,QVQLVQSGAEVKKPGASVKVSCKASGYTFTDYEMHWVRQAPGQGLEWMGALDPKTGDTAYSQKFKGRVTLTADKSTSTAYMELSSLTSEDTAVYYCTRFYSYTYWGQGTLVTVSS,DVVMTQSPLSLPVTPGEPASISCRSSQSLVHSNRNTYLHWYLQKPGQSPQLLIYKVSNRFSGVPDRFSGSGSGTDFTLKISRVEAEDVGVYYCSQNTHVPPTFGQGTKLEIK,IgG1,Kappa,296.49
GDPa1-048,coltuximab,2.715,2.51,0.0,0.0,0.61,1.625,64.11,70.055,83.63,QVQLVQPGAEVVKPGASVKLSCKTSGYTFTSNWMHWVKQAPGQGLEWIGEIDPSDSYTNYNQNFQGKAKLTVDKSTSTAYMEVSSLRSDDTAVYYCARGSNPYYYAMDYWGQGTSVTVSS,EIVLTQSPAIMSASPGERVTMTCSASSGVNYMHWYQQKPGTSPRRWIYDTSKLASGVPARFSGSGSGTDYSLTISSMEPEDAATYYCHQRGSYTFGGGTKLEIK,IgG1,Kappa,213.95
GDPa1-049,concizumab,2.74,2.865,0.124314371,0.1004918705,1.1,0.125,56.260000000000005,68.89,82.81,EVQLVESGGGLVKPGGSLRLSCAASGFTFSNYAMSWVRQTPEKRLEWVATISRSGSYSYFPDSVQGRFTISRDNAKNSLYLQMNSLRAEDTAVYYCARLGGYDEGDAMDSWGQGTTVTVSS,DIVMTQTPLSLSVTPGQPASISCKSSQSLLESDGKTYLNWYLQKPGQSPQLLIYLVSILDSGVPDRFSGSGSGTDFTLKISRVEAEDVGVYYCLQATHFPQTFGGGTKVEIK,IgG4,Kappa,139.45
GDPa1-050,crenezumab,2.74,2.89,0.124314371,0.1004918705,1.96,18.125,66.89,74.57,84.71,EVQLVESGGGLVQPGGSLRLSCAASGFTFSSYGMSWVRQAPGKGLELVASINSNGGSTYYPDSVKGRFTISRDNAKNSLYLQMNSLRAEDTAVYYCASGDYWGQGTTVTVSS,DIVMTQSPLSLPVTPGEPASISCRSSQSLVYSNGDTYLHWYLQKPGQSPQLLIYKVSNRFSGVPDRFSGSGSGTDFTLKISRVEAEDVGVYYCSQSTHVPWTFGQGTKVEIK,IgG4,Kappa,151.23
GDPa1-051,crizanlizumab,2.705,2.4450000000000003,0.057784628,0.034978284,-0.14,-0.375,62.57,73.94,82.81,QVQLVQSGAEVKKPGASVKVSCKVSGYTFTSYDINWVRQAPGKGLEWMGWIYPGDGSIKYNEKFKGRVTMTVDKSTDTAYMELSSLRSEDTAVYYCARRGEYGNYEGAMDYWGQGTLVTVSS,DIQMTQSPSSLSASVGDRVTITCKASQSVDYDGHSYMNWYQQKPGKAPKLLIYAASNLESGVPSRFSGSGSGTDFTLTISSLQPEDFATYYCQQSDENPLTFGGGTKVEIK,IgG2,Kappa,303.51
GDPa1-052,cusatuzumab,2.725,2.59,0.0,0.0,0.1,-0.875,66.905,72.005,81.7,EVQLVESGGGLVQPGGSLRLSCAASGFTFSVYYMNWVRQAPGKGLEWVSDINNEGGTTYYADSVKGRFTISRDNSKNSLYLQMNSLRAEDTAVYYCARDAGYSNHVPIFDSWGQGTLVTVSS,QAVVTQEPSLTVSPGGTVTLTCGLKSGSVTSDNFPTWYQQTPGQAPRLLIYNTNTRHSGVPDRFSGSILGNKAALTITGAQADDEAEYFCALFISNPSVEFGGGTQLTVL,IgG1,Lambda,164.3
GDPa1-053,dacetuzumab,2.72,2.48,0.124314371,0.1004918705,0.25,0.0,63.82,71.24,76.42,EVQLVESGGGLVQPGGSLRLSCAASGYSFTGYYIHWVRQAPGKGLEWVARVIPNAGGTSYNQKFKGRFTLSVDNSKNTAYLQMNSLRAEDTAVYYCAREGIYWWGQGTLVTVSS,DIQMTQSPSSLSASVGDRVTITCRSSQSLVHSNGNTFLHWYQQKPGKAPKLLIYTVSNRFSGVPSRFSGSGSGTDFTLTISSLQPEDFATYFCSQTTHVPWTFGQGTKVEIK,IgG1,Kappa,34.26
GDPa1-054,daclizumab,2.715,2.58,0.124340188,0.058244484,0.35,-0.375,63.6,71.55000000000001,77.715,QVQLVQSGAEVKKPGSSVKVSCKASGYTFTSYRMHWVRQAPGQGLEWIGYINPSTGYTEYNQKFKDKATITADESTNTAYMELSSLRSEDTAVYYCARGGGVFDYWGQGTLVTVSS,DIQMTQSPSTLSASVGDRVTITCSASSSISYMHWYQQKPGKAPKLLIYTTSNLASGVPARFSGSGSGTEFTLTISSLQPDDFATYYCHQRSTYPLTFGQGTKVEVK,IgG1,Kappa,261.98
GDPa1-055,dalotuzumab,2.73,2.7300000000000004,0.361068007,0.33670034,0.6,3.125,62.845,70.43,82.61,QVQLQESGPGLVKPSETLSLTCTVSGYSITGGYLWNWIRQPPGKGLEWIGYISYDGTNNYKPSLKDRVTISRDTSKNQFSLKLSSVTAADTAVYYCARYGRVFFDYWGQGTLVTVSS,DIVMTQSPLSLPVTPGEPASISCRSSQSIVHSNGNTYLQWYLQKPGQSPQLLIYKVSNRLYGVPDRFSGSGSGTDFTLKISRVEAEDVGVYYCFQGSHVPWTFGQGTKVEIK,IgG1,Kappa,464.78
GDPa1-056,daratumumab,2.775,2.67,0.0,0.0,0.86,0.625,63.31,72.935,85.065,EVQLLESGGGLVQPGGSLRLSCAVSGFTFNSFAMSWVRQAPGKGLEWVSAISGSGGGTYYADSVKGRFTISRDNSKNTLYLQMNSLRAEDTAVYFCAKDKILWFGEPVFDYWGQGTLVTVSS,EIVLTQSPATLSLSPGERATLSCRASQSVSSYLAWYQQKPGQAPRLLIYDASNRATGIPARFSGSGSGTDFTLTISSLEPEDFAVYYCQQRSNWPPTFGQGTKVEIK,IgG1,Kappa,228.75
GDPa1-057,denosumab,2.73,2.43,0.0,0.05270473,0.61,11.0,62.41,73.36,82.81,EVQLLESGGGLVQPGGSLRLSCAASGFTFSSYAMSWVRQAPGKGLEWVSGITGSGGSTYYADSVKGRFTISRDNSKNTLYLQMNSLRAEDTAVYYCAKDPGTTVIMSWFDPWGQGTLVTVSS,EIVLTQSPGTLSLSPGERATLSCRASQSVRGRYLAWYQQKPGQAPRLLIYGASSRATGIPDRFSGSGSGTDFTLTISRLEPEDFAVFYCQQYGSSPRTFGQGTKVEIK,IgG2,Kappa,259.84
GDPa1-058,depatuxizumab,2.715,2.535,0.206830463,0.11711692,0.86,1.0,60.085,70.1,82.33,QVQLQESGPGLVKPSQTLSLTCTVSGYSISSDFAWNWIRQPPGKGLEWMGYISYSGNTRYQPSLKSRITISRDTSKNQFFLKLNSVTAADTATYYCVTAGRGFPYWGQGTLVTVSS,DIQMTQSPSSMSVSVGDRVTITCHSSQDINSNIGWLQQKPGKSFKGLIYHGTNLDDGVPSRFSGSGSGTDYTLTISSLQPEDFATYYCVQYAQFPWTFGGGTKLEIK,IgG1,Kappa,307.59
GDPa1-059,dinutuximab,2.795,2.745,0.344627868,0.377274384,2.36,15.625,62.485,69.315,84.345,EVQLLQSGPELEKPGASVMISCKASGSSFTGYNMNWVRQNIGKSLEWIGAIDPYYGGTSYNQKFKGRATLTVDKSSSTAYMHLKSLTSEDSAVYYCVSGMEYWGQGTSVTVSS,EIVMTQSPATLSVSPGERATLSCRSSQSLVHRNGNTYLHWYLQKPGQSPKLLIHKVSNRFSGVPDRFSGSGSGTDFTLKISRVEAEDLGVYFCSQSTHVPPLTFGAGTKLELK,IgG1,Kappa,228.75
GDPa1-060,domagrozumab,2.75,2.71,0.0,0.0,0.75,1.625,64.7,70.37,80.83,EVQLLESGGGLVQPGGSLRLSCAASGFTFSSYAMSWVRQAPGKGLEWVSTISSGGSYTSYPDSVKGRFTISRDNSKNTLYLQMNSLRAEDTAVYYCAKQDYAMNYWGQGTLVTVSS,DIQMTQSPSSLSASVGDRVTITCKASQDVSTAVAWYQQKPGKAPKLLIYSASYRYTGVPSRFSGSGSGTDFTLTISSLQPEDFATYYCQQHYSTPWTFGGGTKVEIK,IgG1,Kappa,345.31
GDPa1-061,dostarlimab,2.905,2.96,0.0,0.032521548,1.36,8.0,56.735,67.71000000000001,75.815,EVQLLESGGGLVQPGGSLRLSCAASGFTFSSYDMSWVRQAPGKGLEWVSTISGGGSYTYYQDSVKGRFTISRDNSKNTLYLQMNSLRAEDTAVYYCASPYYAMDYWGQGTTVTVSS,DIQLTQSPSFLSAYVGDRVTITCKASQDVGTAVAWYQQKPGKAPKLLIYWASTLHTGVPSRFSGSGSGTEFTLTISSLQPEDFATYYCQHYSSYPWTFGQGTKLEIK,IgG4,Kappa,241.97
GDPa1-062,duligotuzumab,2.745,2.79,0.227966916,0.0,0.61,11.5,61.58,74.13499999999999,82.81,EVQLVESGGGLVQPGGSLRLSCAASGFTLSGDWIHWVRQAPGKGLEWVGEISAAGGYTDYADSVKGRFTISADTSKNTAYLQMNSLRAEDTAVYYCARESRVSFEAAMDYWGQGTLVTVSS,DIQMTQSPSSLSASVGDRVTITCRASQNIATDVAWYQQKPGKAPKLLIYSASFLYSGVPSRFSGSGSGTDFTLTISSLQPEDFATYYCQQSEPEPYTFGQGTKVEIK,IgG1,Kappa,206.92
GDPa1-063,dupilumab,2.91,2.915,0.158747892,0.131573423,1.35,15.0,54.38,69.9,79.99000000000001,EVQLVESGGGLEQPGGSLRLSCAGSGFTFRDYAMTWVRQAPGKGLEWVSSISGSGGNTYYADSVKGRFTISRDNSKNTLYLQMNSLRAEDTAVYYCAKDRLSITIRPRYYGLDVWGQGTTVTVSS,DIVMTQSPLSLPVTPGEPASISCRSSQSLLYSIGYNYLDWYLQKSGQSPQLLIYLGSNRASGVPDRFSGSGSGTDFTLKISRVEAEDVGFYYCMQALQTPYTFGQGTKLEIK,IgG4,Kappa,109.47
GDPa1-064,durvalumab,2.7300000000000004,2.63,0.0,0.0,0.85,4.5,62.715,70.66,84.78,EVQLVESGGGLVQPGGSLRLSCAASGFTFSRYWMSWVRQAPGKGLEWVANIKQDGSEKYYVDSVKGRFTISRDNAKNSLYLQMNSLRAEDTAVYYCAREGGWFGELAFDYWGQGTLVTVSS,EIVLTQSPGTLSLSPGERATLSCRASQRVSSSYLAWYQQKPGQAPRLLIYDASSRATGIPDRFSGSGSGTDFTLTISRLEPEDFAVYYCQQYGSLPWTFGQGTKVEIK,IgG1,Kappa,196.76
GDPa1-065,eculizumab,2.84,2.865,0.0,0.028312779,0.35,-0.375,63.010000000000005,73.88499999999999,82.81,QVQLVQSGAEVKKPGASVKVSCKASGYIFSNYWIQWVRQAPGQGLEWMGEILPGSGSTEYTENFKDRVTMTRDTSTSTVYMELSSLRSEDTAVYYCARYFFGSSPNWYFDVWGQGTLVTVSS,DIQMTQSPSSLSASVGDRVTITCGASENIYGALNWYQQKPGKAPKLLIYGATNLADGVPSRFSGSGSGTDFTLTISSLQPEDFATYYCQNVLNTPLTFGQGTKVEIK,IgG2,Kappa,327.32
GDPa1-066,efalizumab,2.71,2.505,0.110621529,0.073406103,-0.14,-0.375,60.59,70.46000000000001,86.945,EVQLVESGGGLVQPGGSLRLSCAASGYSFTGHWMNWVRQAPGKGLEWVGMIHPSDSETRYNQKFKDRFTISVDKSKNTLYLQMNSLRAEDTAVYYCARGIYFYGTTYFDYWGQGTLVTVSS,DIQMTQSPSSLSASVGDRVTITCRASKTISKYLAWYQQKPGKAPKLLIYSGSTLQSGVPSRFSGSGSGTDFTLTISSLQPEDFATYYCQQHNEYPLTFGQGTKVEIK,IgG1,Kappa,244.68
GDPa1-067,eldelumab,6.775,3.4400000000000004,0.0,0.000579786,0.36,0.0,56.215,66.025,82.875,QMQLVESGGGVVQPGRSLRLSCTASGFTFSNNGMHWVRQAPGKGLEWVAVIWFDGMNKFYVDSVKGRFTISRDNSKNTLYLEMNSLRAEDTAIYYCAREGDGSGIYYYYGMDVWGQGTTVTVSS,EIVLTQSPGTLSLSPGERATLSCRASQSVSSSYLAWYQQKPGQAPRLLIYGASSRATGIPDRFSGSGSGTDFTLTISRLEPEDFAVYYCQQYGSSPIFTFGPGTKVDIK,IgG1,Kappa,151.33
GDPa1-068,elezanumab,2.755,2.615,0.0,0.0,0.1,-0.875,61.055,72.15,77.25,EVQLVQSGAEVKKPGASVKVSCKASGYTFTSHGISWVRQAPGQGLDWMGWISPYSGNTNYAQKLQGRVTMTTDTSTSTAYMELSSLRSEDTAVYYCARVGSGPYYYMDVWGQGTLVTVSS,QSALTQPRSVSGSPGQSVTISCTGTSSSVGDSIYVSWYQQHPGKAPKLMLYDVTKRPSGVPDRFSGSKSGNTASLTISGLQAEDEADYYCYSYAGTDTLFGGGTKVTVL,IgG1,Lambda,276.0
GDPa1-069,elotuzumab,2.815,2.915,0.0,0.011059529,-0.14,-0.5,60.28,69.82,85.655,EVQLVESGGGLVQPGGSLRLSCAASGFDFSRYWMSWVRQAPGKGLEWIGEINPDSSTINYAPSLKDKFIISRDNAKNSLYLQMNSLRAEDTAVYYCARPDGNYWYFDVWGQGTLVTVSS,DIQMTQSPSSLSASVGDRVTITCKASQDVGIAVAWYQQKPGKVPKLLIYWASTRHTGVPDRFSGSGSGTDFTLTISSLQPEDVATYYCQQYSSYPYTFGQGTKVEIK,IgG1,Kappa,203.48
GDPa1-070,emactuzumab,2.72,2.845,0.057291856,0.0,0.61,0.125,60.815,70.28,84.13499999999999,QVQLVQSGAEVKKPGASVKVSCKASGYTFTSYDISWVRQAPGQGLEWMGVIWTDGGTNYAQKLQGRVTMTTDTSTSTAYMELRSLRSDDTAVYYCARDQRLYFDVWGQGTTVTVSS,DIQMTQSPSSLSASVGDRVTITCRASEDVNTYVSWYQQKPGKAPKLLIYAASNRYTGVPSRFSGSGSGTDFTLTISSLQPEDFATYYCQQSFSYPTFGQGTKLEIK,IgG1,Kappa,177.67
GDPa1-071,emapalumab,2.935,2.795,0.0,0.0,0.61,0.625,60.055,69.09,81.59,EVQLLESGGGLVQPGGSLRLSCAASGFTFSSYAMSWVRQAPGKGLEWVSAISGSGGSTYYADSVKGRFTISRDNSKNTLYLQMNSLRAEDTAVYYCAKDGSSGWYVPHWFDPWGQGTLVTVSS,NFMLTQPHSVSESPGKTVTISCTRSSGSIASNYVQWYQQRPGSSPTTVIYEDNQRPSGVPDRFSGSIDSSSNSASLTISGLKTEDEADYYCQSYDGSNRWMFGGGTKLTVL,IgG1,Lambda,202.74
GDPa1-072,emibetuzumab,2.7300000000000004,2.785,0.453036087,0.456514876,12.25,23.0,57.29,67.555,75.805,QVQLVQSGAEVKKPGASVKVSCKASGYTFTDYYMHWVRQAPGQGLEWMGRVNPNRRGTTYNQKFEGRVTMTTDTSTSTAYMELRSLRSDDTAVYYCARANWLDYWGQGTTVTVSS,DIQMTQSPSSLSASVGDRVTITCSVSSSVSSIYLHWYQQKPGKAPKLLIYSTSNLASGVPSRFSGSGSGTDFTLTISSLQPEDFATYYCQVYSGYPLTFGGGTKVEIK,IgG4,Kappa,781.93
GDPa1-073,enavatuzumab,2.74,2.79,0.0,0.0,-0.14,-0.375,61.3,71.22,83.71000000000001,EVQLVESGGGLVQPGGSLRLSCAASGFTFSSYWMSWVRQAPGKGLEWVAEIRLKSDNYATHYAESVKGRFTISRDDSKNSLYLQMNSLRAEDTAVYYCTGYYADAMDYWGQGTLVTVSS,DIQMTQSPSSLSASVGDRVTITCRASQSVSTSSYSYMHWYQQKPGKAPKLLIKYASNLESGVPSRFSGSGSGTDFTLTISSLQPEDFATYYCQHSWEIPYTFGGGTKVEIK,IgG1,Kappa,257.51
GDPa1-074,enokizumab,2.995,3.5700000000000003,0.330434869,0.015790921,1.36,2.0,60.015,71.675,80.655,QVQLVQSGAEVKKPGSSVKVSCKASGGTFSYYWIEWVRQAPGQGLEWMGEILPGSGTTNPNEKFKGRVTITADESTSTAYMELSSLRSEDTAVYYCARADYYGSDYVKFDYWGQGTLVTVSS,DIQMTQSPSSLSASVGDRVTITCKASQHVITHVTWYQQKPGKAPKLLIYGTSYSYSGVPSRFSGSGSGTDFTLTISSLQPEDFATYYCQQFYEYPLTFGGGTKVEIK,IgG1,Kappa,180.76
GDPa1-075,epratuzumab,2.6950000000000003,2.545,0.370276996,0.293371709,0.86,11.0,60.26,68.545,83.705,QVQLVQSGAEVKKPGSSVKVSCKASGYTFTSYWLHWVRQAPGQGLEWIGYINPRNDYTEYNQNFKDKATITADESTNTAYMELSSLRSEDTAFYFCARRDITTFYWGQGTTVTVSS,DIQLTQSPSSLSASVGDRVTMSCKSSQSVLYSANHKNYLAWYQQKPGKAPKLLIYWASTRESGVPSRFSGSGSGTDFTFTISSLQPEDIATYYCHQYLSSWTFGGGTKLEIK,IgG1,Kappa,491.08
GDPa1-076,eptinezumab,2.755,3.68,0.100224162,0.020807289,-0.14,3.0,60.135000000000005,70.33500000000001,83.045,EVQLVESGGGLVQPGGSLRLSCAVSGIDLSGYYMNWVRQAPGKGLEWVGVIGINGATYYASWAKGRFTISRDNSKTTVYLQMNSLRAEDTAVYFCARGDIWGQGTLVTVSS,QVLTQSPSSLSASVGDRVTINCQASQSVYHNTYLAWYQQKPGKVPKQLIYDASTLASGVPSRFSGSGSGTDFTLTISSLQPEDVATYYCLGSYDCTNGDCFVFGGGTKVEIK,IgG1,Kappa,642.34
GDPa1-077,erenumab,3.2300000000000004,2.825,0.237608382,0.117190767,1.86,16.0,59.91,70.29,75.045,QVQLVESGGGVVQPGRSLRLSCAASGFTFSSFGMHWVRQAPGKGLEWVAVISFDGSIKYSVDSVKGRFTISRDNSKNTLFLQMNSLRAEDTAVYYCARDRLNYYDSSGYYHYKYYGMAVWGQGTTVTVSS,QSVLTQPPSVSAAPGQKVTISCSGSSSNIGNNYVSWYQQLPGTAPKLLIYDNNKRPSGIPDRFSGSKSGTSTTLGITGLQTGDEADYYCGTWDSRLSAVVFGGGTKLTVL,IgG2,Lambda,376.03
GDPa1-078,etaracizumab,2.715,2.4850000000000003,0.141139524,0.112149001,2.8600000000000003,19.125,60.53,71.36,84.14,QVQLVESGGGVVQPGRSLRLSCAASGFTFSSYDMSWVRQAPGKGLEWVAKVSSGGGSTYYLDTVQGRFTISRDNSKNTLYLQMNSLRAEDTAVYYCARHLHGSFASWGQGTTVTVSS,EIVLTQSPATLSLSPGERATLSCQASQSISNFLHWYQQRPGQAPRLLIRYRSQSISGIPARFSGSGSGTDFTLTISSLEPEDFAVYYCQQSGSWPLTFGGGTKVEIK,IgG1,Kappa,213.95
GDPa1-079,etrolizumab,2.725,2.585,0.267188177,0.004201329,0.61,1.5,59.9,71.07,82.06,EVQLVESGGGLVQPGGSLRLSCAASGFFITNNYWGWVRQAPGKGLEWVGYISYSGSTSYNPSLKSRFTISRDTSKNTFYLQMNSLRAEDTAVYYCARTGSSGYFDFWGQGTLVTVSS,DIQMTQSPSSLSASVGDRVTITCRASESVDDLLHWYQQKPGKAPKLLIKYASQSISGVPSRFSGSGSGTDFTLTISSLQPEDFATYYCQQGNSLPNTFGQGTKVEIK,IgG1,Kappa,296.49
GDPa1-080,evinacumab,2.76,2.6900000000000004,0.0,0.078392457,1.61,1.125,59.33,70.19,82.81,EVQLVESGGGVIQPGGSLRLSCAASGFTFDDYAMNWVRQGPGKGLEWVSAISGDGGSTYYADSVKGRFTISRDNSKNSLYLQMNSLRAEDTAFFYCAKDLRNTIFGVVIPDAFDIWGQGTMVTVSS,DIQMTQSPSTLSASVGDRVTITCRASQSIRSWLAWYQQKPGKAPKLLIYKASSLESGVPSRFSGSGSGTEFTLTISSLQPDDFATYYCQQYNSYSYTFGQGTKLEIK,IgG4,Kappa,212.57
GDPa1-081,evolocumab,2.815,2.8600000000000003,0.100835164,0.102936586,1.25,2.5,58.155,67.485,79.845,EVQLVQSGAEVKKPGASVKVSCKASGYTLTSYGISWVRQAPGQGLEWMGWVSFYNGNTNYAQKLQGRGTMTTDPSTSTAYMELRSLRSDDTAVYYCARGYGMDVWGQGTTVTVSS,ESALTQPASVSGSPGQSITISCTGTSSDVGGYNSVSWYQQHPGKAPKLMIYEVSNRPSGVSNRFSGSKSGNTASLTISGLQAEDEADYYCNSYTSTSMVFGGGTKLTVL,IgG2,Lambda,395.76
GDPa1-082,farletuzumab,2.81,2.66,0.0,0.0,0.1,-0.375,59.405,71.255,79.97,EVQLVESGGGVVQPGRSLRLSCSASGFTFSGYGLSWVRQAPGKGLEWVAMISSGGSYTYYADSVKGRFAISRDNAKNTLFLQMDSLRPEDTGVYFCARHGDDPAWFAYWGQGTPVTVSS,DIQLTQSPSSLSASVGDRVTITCSVSSSISSNNLHWYQQKPGKAPKPWIYGTSNLASGVPSRFSGSGSGTDYTFTISSLQPEDIATYYCQQWSSYPYMYTFGQGTKVEIK,IgG1,Kappa,464.78
GDPa1-083,fasinumab,2.715,2.77,0.124314371,0.1004918705,0.86,0.125,55.25,69.44,76.83,QVQLVQSGAEVKKPGASVKVSCKVSGFTLTELSIHWVRQAPGKGLEWMGGFDPEDGETIYAQKFQGRVTMTEDTSTDTAYMELTSLRSEDTAVYYCSTIFGVVTNFDNWGQGTLVTVSS,DIQMTQSPSSLSASAGDRVTITCRASQAIRNDLGWYQQKPGKAPKRLIYAAFNLQSGVPSRFSGSGSGTEFTLTISSLQPEDLASYYCQQYNRYPWTFGQGTKVEIK,IgG4,Kappa,88.48
GDPa1-084,fezakinumab,3.65,3.305,0.300861251,0.111754826,0.36,5.625,61.58,69.595,80.33,QVQLVQSGAEVKKPGASVKVSCKASGYTFTNYYMHWVRQAPGQGLEWVGWINPYTGSAFYAQKFRGRVTMTRDTSISTAYMELSRLRSDDTAVYYCAREPEKFDSDDSDVWGRGTLVTVSS,QAVLTQPPSVSGAPGQRVTISCTGSSSNIGAGYGVHWYQQLPGTAPKLLIYGDSNRPSGVPDRFSGSKSGTSASLAITGLQAEDEADYYCQSYDNSLSGYVFGGGTQLTVL,IgG1,Lambda,251.19
GDPa1-085,ficlatuzumab,2.755,2.62,0.0,0.0,0.35,-0.375,61.260000000000005,70.63,82.16,QVQLVQPGAEVKKPGTSVKLSCKASGYTFTTYWMHWVRQAPGQGLEWIGEINPTNGHTNYNQKFQGRATLTVDKSTSTAYMELSSLRSEDTAVYYCARNYVGSIFDYWGQGTLLTVSS,DIVMTQSPDSLAMSLGERVTLNCKASENVVSYVSWYQQKPGQSPKLLIYGASNRESGVPDRFSGSGSATDFTLTISSVQAEDVADYHCGQSYNYPYTFGQGTKLEIK,IgG1,Kappa,313.39
GDPa1-086,figitumumab,3.0700000000000003,2.99,0.0,0.0,13.96,21.125,61.120000000000005,70.21000000000001,80.62,EVQLLESGGGLVQPGGSLRLSCTASGFTFSSYAMNWVRQAPGKGLEWVSAISGSGGTTFYADSVKGRFTISRDNSRTTLYLQMNSLRAEDTAVYYCAKDLGWSDSYYYYYGMDVWGQGTTVTVSS,DIQMTQFPSSLSASVGDRVTITCRASQGIRNDLGWYQQKPGKAPKRLIYAASRLHRGVPSRFSGSGSGTEFTLTISSLQPEDFATYYCLQHNSYPCSFGQGTKLEIK,IgG2,Kappa,571.63
GDPa1-087,fletikumab,2.785,3.05,0.095335544,0.100575319,0.86,0.0,56.35,71.33500000000001,82.81,QVQLVQSGAEVKRPGASVKVSCKASGYTFTNDIIHWVRQAPGQRLEWMGWINAGYGNTQYSQNFQDRVSITRDTSASTAYMELISLRSEDTAVYYCAREPLWFGESSPHDYYGMDVWGQGTTVTVSS,AIQLTQSPSSLSASVGDRVTITCRASQGISSALAWYQQKPGKAPKLLIYDASSLESGVPSRFSGSGSGTDFTLTISSLQPEDFATYYCQQFNSYPLTFGGGTKVEIK,IgG4,Kappa,154.29
GDPa1-088,foralumab,2.72,2.555,0.124314371,0.1004918705,0.85,20.625,60.595,70.32,83.695,QVQLVESGGGVVQPGRSLRLSCAASGFKFSGYGMHWVRQAPGKGLEWVAVIWYDGSKKYYVDSVKGRFTISRDNSKNTLYLQMNSLRAEDTAVYYCARQMGYWHFDLWGRGTLVTVSS,EIVLTQSPATLSLSPGERATLSCRASQSVSSYLAWYQQKPGQAPRLLIYDASNRATGIPARFSGSGSGTDFTLTISSLEPEDFAVYYCQQRSNWPPLTFGGGTKVEIK,IgG1,Kappa,253.14
GDPa1-089,fremanezumab,2.87,3.585,0.124314371,0.1004918705,0.61,1.125,59.98,70.67,79.5,EVQLVESGGGLVQPGGSLRLSCAASGFTFSNYWISWVRQAPGKGLEWVAEIRSESDASATHYAEAVKGRFTISRDNAKNSLYLQMNSLRAEDTAVYYCLAYFDYGLAIQNYWGQGTLVTVSS,EIVLTQSPATLSLSPGERATLSCKASKRVTTYVSWYQQKPGQAPRLLIYGASNRYLGIPARFSGSGSGTDFTLTISSLEPEDFAVYYCSQSYNYPYTFGQGTKLEIK,IgG2,Kappa,83.83
GDPa1-090,fresolimumab,2.77,3.0700000000000003,0.10072325,0.100707907,1.1,0.5,55.445,68.77,76.32,QVQLVQSGAEVKKPGSSVKVSCKASGYTFSSNVISWVRQAPGQGLEWMGGVIPIVDIANYAQRFKGRVTITADESTSTTYMELSSLRSEDTAVYYCASTLGLVLDAMDYWGQGTLVTVSS,ETVLTQSPGTLSLSPGERATLSCRASQSLGSSYLAWYQQKPGQAPRLLIYGASSRAPGIPDRFSGSGSGTDFTLTISRLEPEDFAVYYCQQYADSPITFGQGTRLEIK,IgG4,Kappa,139.45
GDPa1-091,fulranumab,3.0,2.5700000000000003,0.422753927,0.269463028,0.86,15.125,63.235,73.045,82.81,EVQLVESGGGLVQPGGSLRLSCAASGFTLRSYSMNWVRQAPGKGLEWVSYISRSSHTIFYADSVKGRFTISRDNAKNSLYLQMDSLRDEDTAMYYCARVYSSGWHVSDYFDYWGQGILVTVSS,AIQLTQSPSSLSASVGDRVTITCRASQGISSALAWYQQKPGKAPKLLIYDASSLESGVPSRFSGSGSGTDFTLTISSLQPEDFATYYCQQFNSYPLTFGGGTKVEIK,IgG2,Kappa,249.63
GDPa1-092,galcanezumab,2.75,2.975,0.547019385,0.487496083,2.1,3.625,58.465,71.275,75.95,QVQLVQSGAEVKKPGSSVKVSCKASGYTFGNYWMQWVRQAPGQGLEWMGAIYEGTGKTVYIQKFADRVTITADKSTSTAYMELSSLRSEDTAVYYCARLSDYVSGFGYWGQGTTVTVSS,DIQMTQSPSSLSASVGDRVTITCRASKDISKYLNWYQQKPGKAPKLLIYYTSGYHSGVPSRFSGSGSGTDFTLTISSLQPEDFATYYCQQGDALPPTFGGGTKVEIK,IgG4,Kappa,236.63
GDPa1-093,galiximab,3.505,3.4000000000000004,0.185274751,0.034343987,-0.04,-0.375,62.395,72.44,82.81,QVQLQESGPGLVKPSETLSLTCAVSGGSISGGYGWGWIRQPPGKGLEWIGSFYSSSGNTYYNPSLKSQVTISTDTSKNQFSLKLNSMTAADTAVYYCVRDRLFSVVGMVYNNWFDVWGPGVLVTVSS,ESALTQPPSVSGAPGQKVTISCTGSTSNIGGYDLHWYQQLPGTAPKLLIYDINKRPSGISDRFSGSKSGTAASLAITGLQTEDEADYYCQSYDSSLNAQVFGGGTRLTVL,IgG1,Lambda,179.14
GDPa1-094,ganitumab,2.74,2.585,0.412450006,0.334359731,0.1,4.0,61.165,70.6,85.775,QVQLQESGPGLVKPSGTLSLTCAVSGGSISSSNWWSWVRQPPGKGLEWIGEIYHSGSTNYNPSLKSRVTISVDKSKNQFSLKLSSVTAADTAVYYCARWTGRTDAFDIWGQGTMVTVSS,DVVMTQSPLSLPVTPGEPASISCRSSQSLLHSNGYNYLDWYLQKPGQSPQLLIYLGSNRASGVPDRFSGSGSGTDFTLKISRVEAEDVGVYYCMQGTHWPLTFGQGTKVEIK,IgG1,Kappa,203.48
GDPa1-095,gantenerumab,2.685,2.465,0.25869783,0.1330052,0.36,1.0,60.515,70.655,82.995,QVELVESGGGLVQPGGSLRLSCAASGFTFSSYAMSWVRQAPGKGLEWVSAINASGTRTYYADSVKGRFTISRDNSKNTLYLQMNSLRAEDTAVYYCARGKGNTHKPYGYVRYFDVWGQGTLVTVSS,DIVLTQSPATLSLSPGERATLSCRASQSVSSSYLAWYQQKPGQAPRLLIYGASSRATGVPARFSGSGSGTDFTLTISSLEPEDFATYYCLQIYNMPITFGQGTKVEIK,IgG1,Kappa,313.39
GDPa1-096,gatipotuzumab,2.615,2.54,0.0,0.009286922,0.35,-0.875,60.05,70.595,82.015,EVQLVESGGGLVQPGGSMRLSCVASGFPFSNYWMNWVRQAPGKGLEWVGEIRLKSNNYTTHYAESVKGRFTISRDDSKNSLYLQMNSLKTEDTAVYYCTRHYYFDYWGQGTLVTVSS,DIVMTQSPLSNPVTPGEPASISCRSSKSLLHSNGITYFFWYLQKPGQSPQLLIYQMSNLASGVPDRFSGSGSGTDFTLRISRVEAEDVGVYYCAQNLELPPTFGQGTKVEIK,IgG1,Kappa,134.81
GDPa1-097,gemtuzumab,3.335,3.395,0.100133516,0.100676479,1.1,1.0,58.01,66.66499999999999,75.19,EVQLVQSGAEVKKPGSSVKVSCKASGYTITDSNIHWVRQAPGQSLEWIGYIYPYNGGTDYNQKFKNRATLTVDNPTNTAYMELSSLRSEDTAFYYCVNGNPWLAYWGQGTLVTVSS,DIQLTQSPSTLSASVGDRVTITCRASESLDNYGIRFLTWFQQKPGKAPKLLMYAASNQGSGVPSRFSGSGSGTEFTLTISSLQPDDFATYYCQQTKEVPWSFGQGTKVEVK,IgG4,Kappa,294.08
GDPa1-098,gevokizumab,2.715,2.4800000000000004,0.244954629,0.004010395,0.61,-0.375,60.825,70.55,82.81,QVQLQESGPGLVKPSQTLSLTCSFSGFSLSTSGMGVGWIRQPSGKGLEWLAHIWWDGDESYNPSLKSRLTISKDTSKNQVSLKITSVTAADTAVYFCARNRYDPPWFVDWGQGTLVTVSS,DIQMTQSTSSLSASVGDRVTITCRASQDISNYLSWYQQKPGKAVKLLIYYTSKLHSGVPSRFSGSGSGTDYTLTISSLQQEDFATYFCLQGKMLPWTFGQGTKLEIK,IgG2,Kappa,151.52
GDPa1-099,gimsilumab,2.72,2.545,0.329230689,0.124171923,0.35,2.0,62.75,70.185,83.57,EVQLVESGGGLVQPGGSLRLSCAASGFTFSRHWMHWLRQVPGKGPVWVSRINGAGTSITYADSVRGRFTISRDNANNTLFLQMNSLRADDTALYFCARANSVWFRGLFDYWGQGTPVTVSS,EIVLTQSPVTLSVSPGERVTLSCRASQSVSTNLAWYQQKLGQGPRLLIYGASTRATDIPARFSGSGSETEFTLTISSLQSEDFAVYYCQQYDKWPDTFGQGTKLEIK,IgG1,Kappa,301.96
GDPa1-100,girentuximab,2.705,2.525,0.124314371,0.1004918705,0.25,-1.375,59.370000000000005,68.65,82.82,DVKLVESGGGLVKLGGSLKLSCAASGFTFSNYYMSWVRQTPEKRLELVAAINSDGGITYYLDTVKGRFTISRDNAKNTLYLQMSSLKSEDTALFYCARHRSGYFSMDYWGQGTSVTVSS,DIVMTQSQRFMSTTVGDRVSITCKASQNVVSAVAWYQQKPGQSPKLLIYSASNRYTGVPDRFTGSGSGTDFTLTISNMQSEDLADFFCQQYSNYPWTFGGGTKLEIK,IgG1,Kappa,78.27
GDPa1-101,glembatumumab,9.14,3.8,0.175959627,0.101303044,14.35,19.125,61.120000000000005,74.015,82.81,QVQLQESGPGLVKPSQTLSLTCTVSGGSISSFNYYWSWIRHHPGKGLEWIGYIYYSGSTYSNPSLKSRVTISVDTSKNQFSLTLSSVTAADTAVYYCARGYNWNYFDYWGQGTLVTVSS,EIVMTQSPATLSVSPGERATLSCRASQSVDNNLVWYQQKPGQAPRLLIYGASTRATGIPARFSGSGSGTEFTLTISSLQSEDFAVYYCQQYNNWPPWTFGQGTKVEIK,IgG2,Kappa,339.78
GDPa1-102,golimumab,3.455,3.175,0.106092792,0.108932346,0.85,8.0,59.85,73.41,82.81,QVQLVESGGGVVQPGRSLRLSCAASGFIFSSYAMHWVRQAPGNGLEWVAFMSYDGSNKKYADSVKGRFTISRDNSKNTLYLQMNSLRAEDTAVYYCARDRGIAAGGNYYYYGMDVWGQGTTVTVSS,EIVLTQSPATLSLSPGERATLSCRASQSVYSYLAWYQQKPGQAPRLLIYDASNRATGIPARFSGSGSGTDFTLTISSLEPEDFAVYYCQQRSNWPPFTFGPGTKVDIK,IgG1,Kappa,296.49
GDPa1-103,guselkumab,2.795,3.17,0.424076572,0.456505583,2.46,16.0,62.275,72.0,83.935,EVQLVQSGAEVKKPGESLKISCKGSGYSFSNYWIGWVRQMPGKGLEWMGIIDPSNSYTRYSPSFQGQVTISADKSISTAYLQWSSLKASDTAMYYCARWYYKPFDVWGQGTLVTVSS,QSVLTQPPSVSGAPGQRVTISCTGSSSNIGSGYDVHWYQQLPGTAPKLLIYGNSKRPSGVPDRFSGSKSGTSASLAITGLQSEDEADYYCASWTDGLSLVVFGGGTKLTVL,IgG1,Lambda,291.91
GDPa1-104,ianalumab,2.77,3.17,0.124314371,0.1004918705,16.46,27.0,63.53,72.66,77.09,QVQLQQSGPGLVKPSQTLSLTCAISGDSVSSNSAAWGWIRQSPGRGLEWLGRIYYRSKWYNSYAVSVKSRITINPDTSKNQFSLQLNSVTPEDTAVYYCARYQWVPKIGVFDSWGQGTLVTVSS,DIVLTQSPATLSLSPGERATLSCRASQFILPEYLSWYQQKPGQAPRLLIYGSSSRATGVPARFSGSGSGTDFTLTISSLEPEDFAVYYCQQFYSSPLTFGQGTKVEIK,IgG1,Kappa,110.8
GDPa1-105,ibalizumab,2.925,3.01,0.100680937,0.100692035,0.86,-0.5,55.58,70.245,77.58,QVQLQQSGPEVVKPGASVKMSCKASGYTFTSYVIHWVRQKPGQGLDWIGYINPYNDGTDYDEKFKGKATLTSDTSTSTAYMELSSLRSEDTAVYYCAREKDNYATGAWFAYWGQGTLVTVSS,DIVMTQSPDSLAVSLGERVTMNCKSSQSLLYSTNQKNYLAWYQQKPGQSPKLLIYWASTRESGVPDRFSGSGSGTDFTLTISSVQAEDVAVYYCQQYYSYRTFGGGTKLEIK,IgG4,Kappa,120.09
GDPa1-106,icrucumab,6.13,3.28,0.124314371,0.1004918705,0.75,4.5,58.71,68.33,81.52,QAQVVESGGGVVQSGRSLRLSCAASGFAFSSYGMHWVRQAPGKGLEWVAVIWYDGSNKYYADSVRGRFTISRDNSENTLYLQMNSLRAEDTAVYYCARDHYGSGVHHYFYYGLDVWGQGTTVTVSS,EIVLTQSPGTLSLSPGERATLSCRASQSVSSSYLAWYQQKPGQAPRLLIYGASSRATGIPDRFSGSGSGTDFTLTISRLEPEDFAVYYCQQYGSSPLTFGGGTKVEIK,IgG1,Kappa,46.59
GDPa1-107,imgatuzumab,2.79,2.795,0.221780214,0.180634832,0.4599999999999999,0.125,62.37,71.78,84.3,QVQLVQSGAEVKKPGSSVKVSCKASGFTFTDYKIHWVRQAPGQGLEWMGYFNPNSGYSTYAQKFQGRVTITADKSTSTAYMELSSLRSEDTAVYYCARLSPGGYYVMDAWGQGTTVTVSS,DIQMTQSPSSLSASVGDRVTITCRASQGINNYLNWYQQKPGKAPKRLIYNTNNLQTGVPSRFSGSGSGTEFTLTISSLQPEDFATYYCLQHNSFPTFGQGTKLEIK,IgG1,Kappa,301.96
GDPa1-108,inclacumab,2.7350000000000003,2.635,0.093844553,0.100563447,0.61,0.125,59.72,70.745,88.57,EVQLVESGGGLVRPGGSLRLSCAASGFTFSNYDMHWVRQATGKGLEWVSAITAAGDIYYPGSVKGRFTISRENAKNSLYLQMNSLRAGDTAVYYCARGRYSGSGSYYNDWFDPWGQGTLVTVSS,EIVLTQSPATLSLSPGERATLSCRASQSVSSYLAWYQQKPGQAPRLLIYDASNRATGIPARFSGSGSGTDFTLTISSLEPEDFAVYYCQQRSNWPLTFGGGTKVEIK,IgG4,Kappa,294.08
GDPa1-109,inebilizumab,2.775,2.94,0.0,0.0,0.35,-0.375,62.58,72.225,84.31,EVQLVESGGGLVQPGGSLRLSCAASGFTFSSSWMNWVRQAPGKGLEWVGRIYPGDGDTNYNVKFKGRFTISRDDSKNSLYLQMNSLKTEDTAVYYCARSGFITTVRDFDYWGQGTLVTVSS,EIVLTQSPDFQSVTPKEKVTITCRASESVDTFGISFMNWFQQKPDQSPKLLIHEASNQGSGVPSRFSGSGSGTDFTLTINSLEAEDAATYYCQQSKEVPFTFGGGTKVEIK,IgG1,Kappa,110.8
GDPa1-111,inotuzumab,2.835,2.76,0.395404549,0.319245596,2.85,19.625,57.495000000000005,68.16,78.41,EVQLVQSGAEVKKPGASVKVSCKASGYRFTNYWIHWVRQAPGQGLEWIGGINPGNNYATYRRKFQGRVTMTADTSTSTVYMELSSLRSEDTAVYYCTREGYGNYGAWFAYWGQGTLVTVSS,DVQVTQSPSSLSASVGDRVTITCRSSQSLANSYGNTFLSWYLHKPGKAPQLLIYGISNRFSGVPDRFSGSGSGTDFTLTISSLQPEDFATYYCLQGTHQPYTFGQGTKVEIK,IgG4,Kappa,637.93
GDPa1-112,intetumumab,2.7350000000000003,2.63,0.142610545,0.104213648,0.61,3.125,62.38,72.74000000000001,85.035,QVQLVESGGGVVQPGRSRRLSCAASGFTFSRYTMHWVRQAPGKGLEWVAVISFDGSNKYYVDSVKGRFTISRDNSENTLYLQVNILRAEDTAVYYCAREARGSYAFDIWGQGTMVTVSS,EIVLTQSPATLSLSPGERATLSCRASQSVSSYLAWYQQKPGQAPRLLIYDASNRATGIPARFSGSGSGTDFTLTISSLEPEDFAVYYCQQRSNWPPFTFGPGTKVDIK,IgG1,Kappa,217.56
GDPa1-113,ipilimumab,3.47,3.22,0.102521768,0.100706522,0.61,7.0,60.775,72.24000000000001,77.59,QVQLVESGGGVVQPGRSLRLSCAASGFTFSSYTMHWVRQAPGKGLEWVTFISYDGNNKYYADSVKGRFTISRDNSKNTLYLQMNSLRAEDTAIYYCARTGWLGPFDYWGQGTLVTVSS,EIVLTQSPGTLSLSPGERATLSCRASQSVGSSYLAWYQQKPGQAPRLLIYGAFSRATGIPDRFSGSGSGTDFTLTISRLEPEDFAVYYCQQYGSSPWTFGQGTKVEIK,IgG1,Kappa,296.49
GDPa1-114,isatuximab,2.955,3.185,0.124314371,0.1004918705,0.6,-0.375,61.72,71.64500000000001,84.245,QVQLVQSGAEVAKPGTSVKLSCKASGYTFTDYWMQWVKQRPGQGLEWIGTIYPGDGDTGYAQKFQGKATLTADKSSKTVYMHLSSLASEDSAVYYCARGDYYGSNSLDYWGQGTSVTVSS,DIVMTQSHLSMSTSLGDPVSITCKASQDVSTVVAWYQQKPGQSPRRLIYSASYRYIGVPDRFTGSGAGTDFTFTISSVQAEDLAVYYCQQHYSPPYTFGGGTKLEIK,IgG1,Kappa,42.75
GDPa1-115,iscalimab,2.875,2.975,0.0,0.0,0.86,-0.375,62.875,71.225,83.61,QVQLVESGGGVVQPGRSLRLSCAASGFTFSSYGMHWVRQAPGKGLEWVAVISYEESNRYHADSVKGRFTISRDNSKITLYLQMNSLRTEDTAVYYCARDGGIAAPGPDYWGQGTLVTVSS,DIVMTQSPLSLTVTPGEPASISCRSSQSLLYSNGYNYLDWYLQKPGQSPQVLISLGSNRASGVPDRFSGSGSGTDFTLKISRVEAEDVGVYYCMQARQTPFTFGPGTKVDIR,IgG1,Kappa,157.0
GDPa1-116,itolizumab,2.705,2.46,0.211552157,0.106842604,0.6,0.625,62.64,72.985,84.31,EVQLVESGGGLVKPGGSLKLSCAASGFKFSRYAMSWVRQAPGKRLEWVATISSGGSYIYYPDSVKGRFTISRDNVKNTLYLQMSSLRSEDTAMYYCARRDYDLDYFDSWGQGTLVTVSS,DIQMTQSPSSLSASVGDRVTITCKASRDIRSYLTWYQQKPGKAPKTLIYYATSLADGVPSRFSGSGSGQDYSLTISSLESDDTATYYCLQHGESPFTLGSGTKLEIK,IgG1,Kappa,313.39
GDPa1-118,ladiratuzumab,2.6950000000000003,2.615,0.114857991,0.0,0.4599999999999999,-0.375,60.80500000000001,70.31,82.52,QVQLVQSGAEVKKPGASVKVSCKASGLTIEDYYMHWVRQAPGQGLEWMGWIDPENGDTEYGPKFQGRVTMTRDTSINTAYMELSRLRSDDTAVYYCAVHNAHYGTWFAYWGQGTLVTVSS,DVVMTQSPLSLPVTLGQPASISCRSSQSLLHSSGNTYLEWYQQRPGQSPRPLIYKISTRFSGVPDRFSGSGSGTDFTLKISRVEAEDVGVYYCFQGSHVPYTFGGGTKVEIK,IgG1,Kappa,162.76
GDPa1-119,lampalizumab,2.715,2.575,0.124314371,0.1004918705,0.86,0.0,62.375,69.775,83.14500000000001,EVQLVQSGPELKKPGASVKVSCKASGYTFTNYGMNWVRQAPGQGLEWMGWINTYTGETTYADDFKGRFVFSLDTSVSTAYLQISSLKAEDTAVYYCEREGGVNNWGQGTLVTVSS,DIQVTQSPSSLSASVGDRVTITCITSTDIDDDMNWYQQKPGKVPKLLISGGNTLRPGVPSRFSGSGSGTDFTLTISSLQPEDVATYYCLQSDSLPYTFGQGTKVEIK,IgG1,Kappa,126.74
GDPa1-120,lanadelumab,2.755,2.615,0.0,0.028987408,2.96,26.125,60.825,70.55,82.81,EVQLLESGGGLVQPGGSLRLSCAASGFTFSHYIMMWVRQAPGKGLEWVSGIYSSGGITVYADSVKGRFTISRDNSKNTLYLQMNSLRAEDTAVYYCAYRRIGVPRRDEFDIWGQGTMVTVSS,DIQMTQSPSTLSASVGDRVTITCRASQSISSWLAWYQQKPGKAPKLLIYKASTLESGVPSRFSGSGSGTEFTLTISSLQPDDFATYYCQQYNTYWTFGQGTKVEIK,IgG1,Kappa,352.37
GDPa1-121,landogrozumab,2.6950000000000003,2.5,0.101582897,0.101725629,4.1,27.5,62.67,73.355,86.77000000000001,EVQLVESGGGLVQPGGSLRLSCAASGLTFSRYPMSWVRQAPGKGLVWVSAITSSGGSTYYSDTVKGRFTISRDNAKNTLYLQMNSLRAEDTAVYYCARLPDYWGQGTLVTVSS,EIVLTQSPGTLSLSPGERATLSCRASSSVSSSYLHWYQQKPGQAPRLLIYSTSNLVAGIPDRFSGSGSGTDFTLTISRLEPEDFAVYYCQHHSGYHFTFGGGTKVEIK,IgG1,Kappa,285.99
GDPa1-122,lebrikizumab,3.425,3.4850000000000003,0.124314371,0.1004918705,0.85,0.0,59.45,72.05,82.81,QVTLRESGPALVKPTQTLTLTCTVSGFSLSAYSVNWIRQPPGKALEWLAMIWGDGKIVYNSALKSRLTISKDTSKNQVVLTMTNMDPVDTATYYCAGDGYYPYAMDNWGQGSLVTVSS,DIVMTQSPDSLSVSLGERATINCRASKSVDSYGNSFMHWYQQKPGQPPKLLIYLASNLESGVPDRFSGSGSGTDFTLTISSLQAEDVAVYYCQQNNEDPRTFGGGTKVEIK,IgG4,Kappa,57.13
GDPa1-123,lenzilumab,2.77,2.435,0.332797299,0.140476171,5.859999999999999,24.5,60.82,71.315,80.52,QVQLVQSGAEVKKPGASVKVSCKASGYSFTNYYIHWVRQAPGQRLEWMGWINAGNGNTKYSQKFQGRVTITRDTSASTAYMELSSLRSEDTAVYYCVRRQRFPYYFDYWGQGTLVTVSS,EIVLTQSPATLSVSPGERATLSCRASQSVGTNVAWYQQKPGQAPRVLIYSTSSRATGITDRFSGSGSGTDFTLTISRLEPEDFAVYYCQQFNKSPLTFGGGTKVEIK,IgG1,Kappa,124.07
GDPa1-124,lexatumumab,2.72,2.5,0.124314371,0.1004918705,0.75,16.0,60.87,68.63,82.51,EVQLVQSGGGVERPGGSLRLSCAASGFTFDDYGMSWVRQAPGKGLEWVSGINWNGGSTGYADSVKGRVTISRDNAKNSLYLQMNSLRAEDTAVYYCAKILGAGRGWYFDLWGKGTTVTVSS,SSELTQDPAVSVALGQTVRITCQGDSLRSYYASWYQQKPGQAPVLVIYGKNNRPSGIPDRFSGSSSGNTASLTITGAQAEDEADYYCNSRDSSGNHVVFGGGTKLTVL,IgG1,Lambda,52.18
GDPa1-125,ligelizumab,3.06,3.725,0.467733033,0.081038247,0.35,8.0,66.97,74.46,75.01,QVQLVQSGAEVMKPGSSVKVSCKASGYTFSWYWLEWVRQAPGHGLEWMGEIDPGTFTTNYNEKFKARVTFTADTSTSTAYMELSSLRSEDTAVYYCARFSHFSGSNYDYFDYWGQGTLVTVSS,EIVMTQSPATLSVSPGERATLSCRASQSIGTNIHWYQQKPGQAPRLLIYYASESISGIPARFSGSGSGTEFTLTISSLQSEDFAVYYCQQSWSWPTTFGGGTKVEIK,IgG1,Kappa,132.11
GDPa1-126,lintuzumab,2.81,3.055,0.144886122,0.0,0.61,-0.375,61.605,69.89,80.68,QVQLVQSGAEVKKPGSSVKVSCKASGYTFTDYNMHWVRQAPGQGLEWIGYIYPYNGGTGYNQKFKSKATITADESTNTAYMELSSLRSEDTAVYYCARGRPAMDYWGQGTLVTVSS,DIQMTQSPSSLSASVGDRVTITCRASESVDNYGISFMNWFQQKPGKAPKLLIYAASNQGSGVPSRFSGSGSGTDFTLTISSLQPDDFATYYCQQSKEVPWTFGQGTKVEIK,IgG1,Kappa,352.37
GDPa1-127,lirilumab,10.0,4.5,0.447300883,0.101060284,13.85,11.625,57.510000000000005,70.475,82.81,QVQLVQSGAEVKKPGSSVKVSCKASGGTFSFYAISWVRQAPGQGLEWMGGFIPIFGAANYAQKFQGRVTITADESTSTAYMELSSLRSDDTAVYYCARIPSGSYYYDYDMDVWGQGTTVTVSS,EIVLTQSPVTLSLSPGERATLSCRASQSVSSYLAWYQQKPGQAPRLLIYDASNRATGIPARFSGSGSGTDFTLTISSLEPEDFAVYYCQQRSNWMYTFGQGTKLEIK,IgG4,Kappa,148.22
GDPa1-128,loncastuximab,2.72,2.515,0.0,0.0,0.75,2.0,61.245,70.02000000000001,84.84,QVQLVQPGAEVVKPGASVKLSCKTSGYTFTSNWMHWVKQAPGQGLEWIGEIDPSDSYTNYNQNFQGKAKLTVDKSTSTAYMEVSSLRSDDTAVYYCARGSNPYYYAMDYWGQGTSVTVSS,EIVLTQSPAIMSASPGERVTMTCSASSGVNYMHWYQQKPGTSPRRWIYDTSKLASGVPARFSGSGSGTSYSLTISSMEPEDAATYYCHQRGSYTFGGGTKLEIK,IgG1,Kappa,224.95
GDPa1-129,lorvotuzumab,2.7350000000000003,2.555,0.281187545,0.137008763,0.86,12.0,60.65,73.825,80.09,QVQLVESGGGVVQPGRSLRLSCAASGFTFSSFGMHWVRQAPGKGLEWVAYISSGSFTIYYADSVKGRFTISRDNSKNTLYLQMNSLRAEDTAVYYCARMRKGYAMDYWGQGTLVTVSS,DVVMTQSPLSLPVTLGQPASISCRSSQIIIHSDGNTYLEWFQQRPGQSPRRLIYKVSNRFSGVPDRFSGSGSGTDFTLKISRVEAEDVGVYYCFQGSHVPHTFGQGTKVEIK,IgG1,Kappa,154.15
GDPa1-130,lucatumumab,2.875,2.9850000000000003,0.0,0.0,0.61,-0.5,62.89,71.215,83.495,QVQLVESGGGVVQPGRSLRLSCAASGFTFSSYGMHWVRQAPGKGLEWVAVISYEESNRYHADSVKGRFTISRDNSKITLYLQMNSLRTEDTAVYYCARDGGIAAPGPDYWGQGTLVTVSS,DIVMTQSPLSLTVTPGEPASISCRSSQSLLYSNGYNYLDWYLQKPGQSPQVLISLGSNRASGVPDRFSGSGSGTDFTLKISRVEAEDVGVYYCMQARQTPFTFGPGTKVDIR,IgG1,Kappa,240.58
GDPa1-131,lumiliximab,2.7300000000000004,2.6900000000000004,0.124314371,0.1004918705,0.35,1.0,54.31,68.82,82.81,EVQLVESGGGLAKPGGSLRLSCAASGFRFTFNNYYMDWVRQAPGQGLEWVSRISSSGDPTWYADSVKGRFTISRENANNTLFLQMNSLRAEDTAVYYCASLTTGSDSWGQGVLVTVSS,DIQMTQSPSSLSASVGDRVTITCRASQDIRYYLNWYQQKPGKAPKLLIYVASSLQSGVPSRFSGSGSGTEFTLTVSSLQPEDFATYYCLQVYSTPRTFGQGTKVEIK,IgG1,Kappa,140.25
GDPa1-132,lumretuzumab,3.035,2.96,0.319664946,0.40407218,0.86,13.125,62.05,71.88499999999999,85.285,QVQLVQSGAEVKKPGASVKVSCKASGYTFRSSYISWVRQAPGQGLEWMGWIYAGTGSPSYNQKLQGRVTMTTDTSTSTAYMELRSLRSDDTAVYYCARHRDYYSNSLTYWGQGTLVTVSS,DIVMTQSPDSLAVSLGERATINCKSSQSVLNSGNQKNYLTWYQQKPGQPPKLLIYWASTRESGVPDRFSGSGSGTDFTLTISSLQAEDVAVYYCQSDYSYPYTFGQGTKLEIK,IgG1,Kappa,301.96
GDPa1-133,margetuximab,2.7350000000000003,2.715,0.124314371,0.1004918705,0.25,0.0,61.57,71.475,81.755,QVQLQQSGPELVKPGASLKLSCTASGFNIKDTYIHWVKQRPEQGLEWIGRIYPTNGYTRYDPKFQDKATITADTSSNTAYLQVSRLTSEDTAVYYCSRWGGDGFYAMDYWGQGASVTVSS,DIVMTQSHKFMSTSVGDRVSITCKASQDVNTAVAWYQQKPGHSPKLLIYSASFRYTGVPDRFTGSRSGTDFTFTISSVQAEDLAVYYCQQHYTTPPTFGGGTKVEIK,IgG1,Kappa,116.1
GDPa1-134,matuzumab,2.74,2.6900000000000004,0.0,0.0,0.1,-0.375,63.65,69.25,82.81,QVQLVQSGAEVKKPGASVKVSCKASGYTFTSHWMHWVRQAPGQGLEWIGEFNPSNGRTNYNEKFKSKATMTVDTSTNTAYMELSSLRSEDTAVYYCASRDYDYDGRYFDYWGQGTLVTVSS,DIQMTQSPSSLSASVGDRVTITCSASSSVTYMYWYQQKPGKAPKLLIYDTSNLASGVPSRFSGSGSGTDYTFTISSLQPEDIATYYCQQWSSHIFTFGQGTKVEIK,IgG1,Kappa,291.17
GDPa1-136,mepolizumab,2.725,2.5700000000000003,0.0,0.0,-0.4,-0.875,61.555,70.52000000000001,84.07,QVTLRESGPALVKPTQTLTLTCTVSGFSLTSYSVHWVRQPPGKGLEWLGVIWASGGTDYNSALMSRLSISKDTSRNQVVLTMTNMDPVDTATYYCARDPPSSLLRLDYWGRGTPVTVSS,DIVMTQSPDSLAVSLGERATINCKSSQSLLNSGNQKNYLAWYQQKPGQPPKLLIYGASTRESGVPDRFSGSGSGTDFTLTISSLQAEDVAVYYCQNVHSFPFTFGGGTKLEIK,IgG1,Kappa,319.37
GDPa1-137,milatuzumab,2.6900000000000004,2.49,0.396378105,0.102220581,-0.14,-0.875,62.58,69.91,82.93,QVQLQQSGSELKKPGASVKVSCKASGYTFTNYGVNWIKQAPGQGLQWMGWINPNTGEPTFDDDFKGRFAFSLDTSVSTAYLQISSLKADDTAVYFCSRSRGKNEAWFAYWGQGTLVTVSS,DIQLTQSPLSLPVTLGQPASISCRSSQSLVHRNGNTYLHWFQQRPGQSPRLLIYTVSNRFSGVPDRFSGSGSGTDFTLKISRVEAEDVGVYFCSQSSHVPPTFGAGTRLEIK,IgG1,Kappa,162.76
GDPa1-138,mirikizumab,2.745,2.675,0.124314371,0.1004918705,3.85,20.625,55.53,68.845,78.36500000000001,QVQLVQSGAEVKKPGSSVKVSCKASGYKFTRYVMHWVRQAPGQGLEWMGYINPYNDGTNYNEKFKGRVTITADKSTSTAYMELSSLRSEDTAVYYCARNWDTGLWGQGTTVTVSS,DIQMTQSPSSLSASVGDRVTITCKASDHILKFLTWYQQKPGKAPKLLIYGATSLETGVPSRFSGSGSGTDFTLTISSLQPEDFATYYCQMYWSTPFTFGGGTKVEIK,IgG4,Kappa,133.78
GDPa1-139,mirvetuximab,2.715,2.6500000000000004,0.124314371,0.1004918705,0.35,0.5,60.805,73.16,79.07,QVQLVQSGAEVVKPGASVKISCKASGYTFTGYFMNWVKQSPGQSLEWIGRIHPYDGDTFYNQKFQGKATLTVDKSSNTAHMELLSLTSEDFAVYYCTRYDGSRAMDYWGQGTTVTVSS,DIVLTQSPLSLAVSLGQPAIISCKASQSVSFAGTSLMHWYHQKPGQQPRLLIYRASNLEAGVPDRFSGSGSKTDFTLTISPVEAEDAATYYCQQSREYPYTFGGGTKLEIK,IgG1,Kappa,100.17
GDPa1-140,mitazalimab,2.75,2.7350000000000003,0.393869706,0.349882172,23.35,21.625,63.105,69.25999999999999,81.95,EVQLLESGGGLVQPGGSLRLSCAASGFTFSTYGMHWVRQAPGKGLEWLSYISGGSSYIFYADSVRGRFTISRDNSENALYLQMNSLRAEDTAVYYCARILRGGSGMDLWGQGTLVTVSS,QSVLTQPPSASGTPGQRVTISCTGSSSNIGAGYNVYWYQQLPGTAPKLLIYGNINRPSGVPDRFSGSKSGTSASLAISGLRSEDEADYYCAAWDKSISGLVFGGGTKLTVL,IgG1,Lambda,678.57
GDPa1-141,mogamulizumab,2.7300000000000004,2.705,0.124314371,0.1004918705,0.35,-0.5,61.56,71.26,85.05,EVQLVESGGDLVQPGRSLRLSCAASGFIFSNYGMSWVRQAPGKGLEWVATISSASTYSYYPDSVKGRFTISRDNAKNSLYLQMNSLRVEDTALYYCGRHSDGNFAFGYWGQGTLVTVSS,DVLMTQSPLSLPVTPGEPASISCRSSRNIVHINGDTYLEWYLQKPGQSPQLLIYKVSNRFSGVPDRFSGSGSGTDFTLKISRVEAEDVGVYYCFQGSLLPWTFGQGTKVEIK,IgG1,Kappa,100.17
GDPa1-142,monalizumab,2.77,2.81,0.102096502,0.100691959,0.75,1.125,57.35,66.65,75.18,QVQLVQSGAEVKKPGASVKVSCKASGYTFTSYWMNWVRQAPGQGLEWMGRIDPYDSETHYAQKLQGRVTMTTDTSTSTAYMELRSLRSDDTAVYYCARGGYDFDVGTLYWFFDVWGQGTTVTVSS,DIQMTQSPSSLSASVGDRVTITCRASENIYSYLAWYQQKPGKAPKLLIYNAKTLAEGVPSRFSGSGSGTDFTLTISSLQPEDFATYYCQHHYGTPRTFGGGTKVEIK,IgG4,Kappa,302.17
GDPa1-143,mosunetuzumab,2.685,2.45,0.392758671,0.23872838,2.85,20.125,60.83,70.2,82.33,EVQLVQSGAEVKKPGASVKVSCKASGYTFTNYYIHWVRQAPGQGLEWIGWIYPGDGNTKYNEKFKGRATLTADTSTSTAYLELSSLRSEDTAVYYCARDSYSNYYFDYWGQGTLVTVSS,DIVMTQSPDSLAVSLGERATINCKSSQSLLNSRTRKNYLAWYQQKPGQPPKLLIYWASTRESGVPDRFSGSGSGTDFTLTISSLQAEDVAVYYCTQSFILRTFGQGTKVEIK,IgG1,Kappa,244.68
GDPa1-144,motavizumab,2.75,2.6950000000000003,0.374018288,0.320381349,0.35,0.625,62.93,70.38,83.82,QVTLRESGPALVKPTQTLTLTCTFSGFSLSTAGMSVGWIRQPPGKALEWLADIWWDDKKHYNPSLKDRLTISKDTSKNQVVLKVTNMDPADTATYYCARDMIFNFYFDVWGQGTTVTVSS,DIQMTQSPSTLSASVGDRVTITCSASSRVGYMHWYQQKPGKAPKLLIYDTSKLASGVPSRFSGSGSGTEFTLTISSLQPDDFATYYCFQGSGYPFTFGGGTKVEIK,IgG1,Kappa,383.43
GDPa1-145,muromonab,2.715,2.47,0.124314371,0.1004918705,1.61,15.0,59.58,70.85,80.0,QVQLQQSGAELARPGASVKMSCKASGYTFTRYTMHWVKQRPGQGLEWIGYINPSRGYTNYNQKFKDKATLTTDKSSSTAYMQLSSLTSEDSAVYYCARYYDDHYCLDYWGQGTTLTVSS,QIVLTQSPAIMSASPGEKVTMTCSASSSVSYMNWYQQKSGTSPKRWIYDTSKLASGVPAHFRGSGSGTSYSLTISGMEAEDAATYYCQQWSSNPFTFGSGTKLEIK,IgG2,Kappa,91.04
GDPa1-146,natalizumab,2.77,2.75,0.102294574,0.100777372,0.86,2.125,55.01,68.29,81.36,QVQLVQSGAEVKKPGASVKVSCKASGFNIKDTYIHWVRQAPGQRLEWMGRIDPANGYTKYDPKFQGRVTITADTSASTAYMELSSLRSEDTAVYYCAREGYYGNYGVYAMDYWGQGTLVTVSS,DIQMTQSPSSLSASVGDRVTITCKTSQDINKYMAWYQQTPGKAPRLLIHYTSALQPGIPSRFSGSGSGRDYTFTISSLQPEDIATYYCLQYDNLWTFGQGTKVEIK,IgG4,Kappa,294.08
GDPa1-147,necitumumab,2.885,3.01,0.360818846,0.0,1.1,2.125,60.5,70.59,83.78,QVQLQESGPGLVKPSQTLSLTCTVSGGSISSGDYYWSWIRQPPGKGLEWIGYIYYSGSTDYNPSLKSRVTMSVDTSKNQFSLKVNSVTAADTAVYYCARVSIFGVGTFDYWGQGTLVTVSS,EIVMTQSPATLSLSPGERATLSCRASQSVSSYLAWYQQKPGQAPRLLIYDASNRATGIPARFSGSGSGTDFTLTISSLEPEDFAVYYCHQYGSTPLTFGGGTKAEIK,IgG1,Kappa,248.86
GDPa1-148,nesvacumab,2.75,2.755,0.124314371,0.1004918705,0.1,-0.875,55.41,64.05,80.14,EVQLVESGGGLVQPGGSLRLSCAASGFTFSSYDIHWVRQATGKGLEWVSAIGPAGDTYYPGSVKGRFTISRENAKNSLYLQMNSLRAGDTAVYYCARGLITFGGLIAPFDYWGQGTLVTVSS,EIVLTQSPGTLSLSPGERATLSCRASQSVSSTYLAWYQQKPGQAPRLLIYGASSRATGIPDRFSGSGSGTDFTLTISRLEPEDFAVYYCQHYDNSQTFGQGTKVEIK,IgG1,Kappa,154.15
GDPa1-149,nimotuzumab,2.75,2.73,0.124314371,0.1004918705,0.0,0.0,60.48,69.58,84.39,QVQLQQSGAEVKKPGSSVKVSCKASGYTFTNYYIYWVRQAPGQGLEWIGGINPTSGGSNFNEKFKTRVTITADESSTTAYMELSSLRSEDTAFYFCTRQGLWFDSDGRGFDFWGQGTTVTVSS,DIQMTQSPSSLSASVGDRVTITCRSSQNIVHSNGNTYLDWYQQTPGKAPKLLIYKVSNRFSGVPSRFSGSGSGTDFTFTISSLQPEDIATYYCFQYSHVPWTFGQGTKLQIT,IgG1,Kappa,60.31
GDPa1-151,obexelimab,2.9000000000000004,2.805,0.208402407,0.3884069,0.86,2.5,61.665,70.55000000000001,81.87,EVQLVESGGGLVKPGGSLKLSCAASGYTFTSYVMHWVRQAPGKGLEWIGYINPYNDGTKYNEKFQGRVTISSDKSISTAYMELSSLRSEDTAMYYCARGTYYYGTRVFDYWGQGTLVTVSS,DIVMTQSPATLSLSPGERATLSCRSSKSLQNVNGNTYLYWFQQKPGQSPQLLIYRMSNLNSGVPDRFSGSGSGTEFTLTISSLEPEDFAVYYCMQHLEYPITFGAGTKLEIK,IgG1,Kappa,190.23
GDPa1-152,obiltoxaximab,2.785,2.82,0.124314371,0.1004918705,1.25,3.625,59.95,69.63,85.745,QVQLQQSGPELKKPGASVKVSCKDSGYAFSSSWMNWVRQAPGQGLEWIGRIYPGDGDTNYNGKFQGRVTITADKSSSTAYMELSSLRSEDTAVYFCARSGLLRYAMDYWGQGTLVTVSS,DIQMTQSPSSLSASVGDRVTITCRASQDIRNYLNWYQQKPGKAVKLLIYYTSRLLPGVPSRFSGSGSGTDYSLTISSQEQEDIGTYFCQQGNTLPWTFGQGTKVEIR,IgG1,Kappa,118.75
GDPa1-153,obinutuzumab,2.775,2.9450000000000003,0.37002458,0.100765176,0.61,1.625,59.895,70.27000000000001,83.995,QVQLVQSGAEVKKPGSSVKVSCKASGYAFSYSWINWVRQAPGQGLEWMGRIFPGDGDTDYNGKFKGRVTITADKSTSTAYMELSSLRSEDTAVYYCARNVFDGYWLVYWGQGTLVTVSS,DIVMTQTPLSLPVTPGEPASISCRSSKSLLHSNGITYLYWYLQKPGQSPQLLIYQMSNLVSGVPDRFSGSGSGTDFTLKISRVEAEDVGVYYCAQNLELPYTFGGGTKVEIK,IgG1,Kappa,190.23
GDPa1-154,ocrelizumab,2.75,2.8600000000000003,0.0,0.0,1.61,12.625,59.25,74.97,82.81,EVQLVESGGGLVQPGGSLRLSCAASGYTFTSYNMHWVRQAPGKGLEWVGAIYPGNGDTSYNQKFKGRFTISVDKSKNTLYLQMNSLRAEDTAVYYCARVVYYSNSYWYFDVWGQGTLVTVSS,DIQMTQSPSSLSASVGDRVTITCRASSSVSYMHWYQQKPGKAPKPLIYAPSNLASGVPSRFSGSGSGTDFTLTISSLQPEDFATYYCQQWSFNPPTFGQGTKVEIK,IgG1,Kappa,420.17
GDPa1-155,ofatumumab,2.88,2.7350000000000003,0.0,0.023664638,0.61,0.625,61.655,69.445,83.10499999999999,EVQLVESGGGLVQPGRSLRLSCAASGFTFNDYAMHWVRQAPGKGLEWVSTISWNSGSIGYADSVKGRFTISRDNAKKSLYLQMNSLRAEDTALYYCAKDIQYGNYYYGMDVWGQGTTVTVSS,EIVLTQSPATLSLSPGERATLSCRASQSVSSYLAWYQQKPGQAPRLLIYDASNRATGIPARFSGSGSGTDFTLTISSLEPEDFAVYYCQQRSNWPITFGQGTRLEIK,IgG1,Kappa,266.55
GDPa1-156,olaratumab,2.715,2.93,0.33543604,0.287112392,0.35,-0.375,61.735,70.10499999999999,84.14500000000001,QLQLQESGPGLVKPSETLSLTCTVSGGSINSSSYYWGWLRQSPGKGLEWIGSFFYTGSTYYNPSLRSRLTISVDTSKNQFSLMLSSVTAADTAVYYCARQSTYYYGSGNYYGWFDRWDQGTLVTVSS,EIVLTQSPATLSLSPGERATLSCRASQSVSSYLAWYQQKPGQAPRLLIYDASNRATGIPARFSGSGSGTDFTLTISSLEPEDFAVYYCQQRSNWPPAFGQGTKVEIK,IgG1,Kappa,157.0
GDPa1-157,oleclumab,2.78,2.955,0.124288554,0.102602056,3.85,22.125,62.44,72.695,77.24,EVQLLESGGGLVQPGGSLRLSCAASGFTFSSYAYSWVRQAPGKGLEWVSAISGSGGRTYYADSVKGRFTISRDNSKNTLYLQMNSLRAEDTAVYYCARLGYGRVDEWGRGTLVTVSS,QSVLTQPPSASGTPGQRVTISCSGSLSNIGRNPVNWYQQLPGTAPKLLIYLDNLRLSGVPDRFSGSKSGTSASLAISGLQSEDEADYYCATWDDSHPGWTFGGGTKLTVL,IgG1,Lambda,591.12
GDPa1-158,olokizumab,2.78,2.84,0.100257638,0.100427237,1.35,0.625,59.725,68.785,82.81,EVQLVESGGGLVQPGGSLRLSCAASGFNFNDYFMNWVRQAPGKGLEWVAQMRNKNYQYGTYYAESLEGRFTISRDDSKNSLYLQMNSLKTEDTAVYYCARESYYGFTSYWGQGTLVTVSS,DIQMTQSPSSLSASVGDRVTITCQASQDIGISLSWYQQKPGKAPKLLIYNANNLADGVPSRFSGSGSGTDFTLTISSLQPEDFATYYCLQHNSAPYTFGQGTKLEIK,IgG4,Kappa,516.74
GDPa1-159,omalizumab,2.7,2.64,0.0,0.0,0.86,0.0,60.825,70.55,82.81,EVQLVESGGGLVQPGGSLRLSCAVSGYSITSGYSWNWIRQAPGKGLEWVASITYDGSTNYNPSLKGRITISRDDSKNTFYLQMNSLRAEDTAVYYCARGSHYFGHWHFAVWGQGTLVTVSS,DIQLTQSPSSLSASVGDRVTITCRASQSVDYDGDSYMNWYQQKPGKAPKLLIYAASYLESGVPSRFSGSGSGTDFTLTISSLQPEDFATYYCQQSHEDPYTFGQGTKVEIK,IgG1,Kappa,224.95
GDPa1-160,omburtamab,2.685,2.535,0.100988899,0.04377407,0.35,14.625,61.99,74.38499999999999,82.81,QVQLQQSGAELVKPGASVKLSCKASGYTFTNYDINWVRQRPEQGLEWIGWIFPGDGSTQYNEKFKGKATLTTDTSSSTAYMQLSRLTSEDSAVYFCARQTTATWFAYWGQGTLVTVSA,DIVMTQSPATLSVTPGDRVSLSCRASQSISDYLHWYQQKSHESPRLLIKYASQSISGIPSRFSGSGSGSDFTLSINSVEPEDVGVYYCQNGHSFPLTFGAGTKLELK,IgG1,Kappa,140.25
GDPa1-161,onartuzumab,2.7350000000000003,2.76,0.101295637,0.101343116,-0.39,-0.375,60.63,70.27,83.96,EVQLVESGGGLVQPGGSLRLSCAASGYTFTSYWLHWVRQAPGKGLEWVGMIDPSNSDTRFNPNFKDRFTISADTSKNTAYLQMNSLRAEDTAVYYCATYRSYVTPLDYWGQGTLVTVSS,DIQMTQSPSSLSASVGDRVTITCKSSQSLLYTSSQKNYLAWYQQKPGKAPKLLIYWASTRESGVPSRFSGSGSGTDFTLTISSLQPEDFATYYCQQYYAYPWTFGQGTKVEIK,IgG1,Kappa,375.2
GDPa1-162,opicinumab,2.71,2.605,0.104292809,0.0,0.1099999999999999,1.125,60.36,68.75,83.77,EVQLLESGGGLVQPGGSLRLSCAASGFTFSAYEMKWVRQAPGKGLEWVSVIGPSGGFTFYADSVKGRFTISRDNSKNTLYLQMNSLRAEDTAVYYCATEGDNDAFDIWGQGTTVTVSS,DIQMTQSPATLSLSPGERATLSCRASQSVSSYLAWYQQKPGQAPRLLIYDASNRATGIPARFSGSGSGTDFTLTISSLEPEDFAVYYCQQRSNWPMYTFGQGTKLEIK,IgG1,Kappa,319.37
GDPa1-163,orticumab,2.76,2.52,0.353219435,0.30145397,2.6,21.625,61.525,73.045,79.09,EVQLLESGGGLVQPGGSLRLSCAASGFTFSNAWMSWVRQAPGKGLEWVSSISVGGHRTYYADSVKGRSTISRDNSKNTLYLQMNSLRAEDTAVYYCARIRVGPSGGAFDYWGQGTLVTVSS,QSVLTQPPSASGTPGQRVTISCSGSNTNIGKNYVSWYQQLPGTAPKLLIYANSNRPSGVPDRFSGSKSGTSASLAISGLRSEDEADYYCASWDASLNGWVFGGGTKLTVL,IgG2,Lambda,700.57
GDPa1-164,osocimab,2.79,2.9,0.103149354,0.076985451,0.61,3.125,56.42,69.325,80.59,EVQLLESGGGLVQPGGSLRLSCAASGFTFSQYGMDWVRQAPGKGLEWVSGIGPSGGSTVYADSVKGRFTISRDNSKNTLYLQMNSLRAEDTAVYYCTRGGPYYYYGMDVWGQGTTVTVSS,DIQMTQSPSSLSASVGDRVTITCQASQDISNYLNWYQQKPGKAPKLLIYDASNLETGVPSRFSGSGSGTDFTFTISSLQPEDIATYYCQQADSFPVTFGGGTKVEIK,IgG4,Kappa,279.15
GDPa1-165,otelixizumab,2.7,2.505,0.0,0.0,0.86,7.5,59.525000000000006,70.74000000000001,81.45,EVQLLESGGGLVQPGGSLRLSCAASGFTFSSFPMAWVRQAPGKGLEWVSTISTSGGRTYYRDSVKGRFTISRDNSKNTLYLQMNSLRAEDTAVYYCAKFRQYSGGFDYWGQGTLVTVSS,DIQLTQPNSVSTSLGSTVKLSCTLSSGNIENNYVHWYQLYEGRSPTTMIYDDDKRPDGVPDRFSGSIDRSSNSAFLTIHNVAIEDEAIYFCHSYVSSFNVFGGGTKLTVL,IgG1,Lambda,338.81
GDPa1-166,otlertuzumab,3.12,3.08,0.124314371,0.1004918705,0.25,2.5,62.2,71.71000000000001,82.81,EVQLVQSGAEVKKPGESLKISCKGSGYSFTGYNMNWVRQMPGKGLEWMGNIDPYYGGTTYNRKFKGQVTISADKSISTAYLQWSSLKASDTAMYYCARSVGPFDSWGQGTLVTVSS,EIVLTQSPATLSLSPGERATLSCRASENVYSYLAWYQQKPGQAPRLLIYFAKTLAEGIPARFSGSGSGTDFTLTISSLEPEDFAVYYCQHHSDNPWTFGQGTKVEIK,IgG1,Kappa,66.54
GDPa1-167,ozanezumab,2.7,2.8200000000000003,0.430151029,0.465486115,1.86,16.0,61.795,71.765,84.13,QVQLVQSGAEVKKPGASVKVSCKASGYTFTSYWMHWVRQAPGQGLEWIGNINPSNGGTNYNEKFKSKATMTRDTSTSTAYMELSSLRSEDTAVYYCELMQGYWGQGTLVTVSS,DIVMTQSPLSNPVTLGQPVSISCRSSKSLLYKDGKTYLNWFLQRPGQSPQLLIYLMSTRASGVPDRFSGGGSGTDFTLKISRVEAEDVGVYYCQQLVEYPLTFGQGTKLEIK,IgG1,Kappa,331.91
GDPa1-168,palivizumab,2.72,2.5700000000000003,0.116205701,0.0,-0.25,-1.375,62.13,70.50999999999999,85.22,QVTLRESGPALVKPTQTLTLTCTFSGFSLSTSGMSVGWIRQPPGKALEWLADIWWDDKKDYNPSLKSRLTISKDTSKNQVVLKVTNMDPADTATYYCARSMITNWYFDVWGAGTTVTVSS,DIQMTQSPSTLSASVGDRVTITCKCQLSVGYMHWYQQKPGKAPKLLIYDTSKLASGVPSRFSGSGSGTEFTLTISSLQPDDFATYYCFQGSGYPFTFGGGTKLEIK,IgG1,Kappa,367.3
GDPa1-169,pamrevlumab,3.295,3.2,0.030485945,0.100137926,2.6100000000000003,12.125,58.295,69.0,82.81,EGQLVQSGGGLVHPGGSLRLSCAGSGFTFSSYGMHWVRQAPGKGLEWVSGIGTGGGTYSTDSVKGRFTISRDNAKNSLYLQMNSLRAEDMAVYYCARGDYYGSGSFFDCWGQGTLVTVSS,DIQMTQSPSSLSASVGDRVTITCRASQGISSWLAWYQQKPEKAPKSLIYAASSLQSGVPSRFSGSGSGTDFTLTISSLQPEDFATYYCQQYNSYPPTFGQGTKLEIK,IgG4,Kappa,339.94
GDPa1-170,panitumumab,2.755,2.605,0.0,0.051444432,0.1,-0.375,58.465,71.305,82.45,QVQLQESGPGLVKPSETLSLTCTVSGGSVSSGDYYWTWIRQSPGKGLEWIGHIYYSGNTNYNPSLKSRLTISIDTSKTQFSLKLSSVTAADTAIYYCVRDRVTGAFDIWGQGTMVTVSS,DIQMTQSPSSLSASVGDRVTITCQASQDISNYLNWYQQKPGKAPKLLIYDASNLETGVPSRFSGSGSGTDFTFTISSLQPEDIATYFCQHFDHLPLAFGGGTKVEIK,IgG2,Kappa,303.51
GDPa1-171,panobacumab,2.74,2.74,0.0,0.0,-0.04,-0.875,62.14,70.55,83.72,EEQVVESGGGFVQPGGSLRLSCAASGFTFSPYWMHWVRQAPGKGLVWVSRINSDGSTYYADSVKGRFTISRDNARNTLYLQMNSLRAEDTAVYYCARDRYYGPEMWGQGTMVTVSS,DVVMTQSPLSLPVTLGQPASISCRSSQSLVYSDGNTYLNWFQQRPGQSPRRLIYKVSNRDSGVPDRFSGSGSGTDFTLKISRVEAEDVGVYYCMQGTHWPLTFGGGTKVEIK,IgG1,Kappa,154.15
GDPa1-172,parsatuzumab,2.725,2.56,0.103201181,0.0,0.1,0.625,62.855,72.53999999999999,85.05,EVQLVESGGGLVQPGGSLRLSCAASGYTFIDYYMNWVRQAPGKGLEWVGDINLDNSGTHYNQKFKGRFTISRDKSKNTAYLQMNSLRAEDTAVYYCAREGVYHDYDDYAMDYWGQGTLVTVSS,DIQMTQSPSSLSASVGDRVTITCRTSQSLVHINAITYLHWYQQKPGKAPKLLIYRVSNRFSGVPSRFSGSGSGTDFTLTISSLQPEDFATYYCGQSTHVPLTFGQGTKVEIK,IgG1,Kappa,193.48
GDPa1-173,patritumab,2.855,2.845,0.124314371,0.1004918705,1.36,10.0,60.05,72.11,81.36500000000001,QVQLQQWGAGLLKPSETLSLTCAVYGGSFSGYYWSWIRQPPGKGLEWIGEINHSGSTNYNPSLKSRVTISVETSKNQFSLKLSSVTAADTAVYYCARDKWTWYFDLWGRGTLVTVSS,DIEMTQSPDSLAVSLGERATINCRSSQSVLYSSSNRNYLAWYQQNPGQPPKLLIYWASTRESGVPDRFSGSGSGTDFTLTISSLQAEDVAVYYCQQYYSTPRTFGQGTKVEIK,IgG1,Kappa,66.54
GDPa1-175,pertuzumab,2.755,2.815,0.0,0.0,0.1,-0.375,61.13,70.17,82.34,EVQLVESGGGLVQPGGSLRLSCAASGFTFTDYTMDWVRQAPGKGLEWVADVNPNSGGSIYNQRFKGRFTLSVDRSKNTLYLQMNSLRAEDTAVYYCARNLGPSFYFDYWGQGTLVTVSS,DIQMTQSPSSLSASVGDRVTITCKASQDVSIGVAWYQQKPGKAPKLLIYSASYRYTGVPSRFSGSGSGTDFTLTISSLQPEDFATYYCQQYYIYPYTFGQGTKVEIK,IgG1,Kappa,296.49
GDPa1-176,pidilizumab,2.685,2.54,0.350119787,0.141340396,0.86,0.125,62.61,71.755,83.235,QVQLVQSGSELKKPGASVKISCKASGYTFTNYGMNWVRQAPGQGLQWMGWINTDSGESTYAEEFKGRFVFSLDTSVNTAYLQITSLTAEDTGMYFCVRVGYDALDYWGQGTLVTVSS,EIVLTQSPSSLSASVGDRVTITCSARSSVSYMHWFQQKPGKAPKLWIYRTSNLASGVPSRFSGSGSGTSYCLTINSLQPEDFATYYCQQRSSFPLTFGGGTKLEIK,IgG1,Kappa,217.56
GDPa1-177,pinatuzumab,2.725,2.565,0.0,0.0,-0.15,0.0,60.51,70.79,84.33,EVQLVESGGGLVQPGGSLRLSCAASGYEFSRSWMNWVRQAPGKGLEWVGRIYPGDGDTNYSGKFKGRFTISADTSKNTAYLQMNSLRAEDTAVYYCARDGSSWDWYFDVWGQGTLVTVSS,DIQMTQSPSSLSASVGDRVTITCRSSQSIVHSVGNTFLEWYQQKPGKAPKLLIYKVSNRFSGVPSRFSGSGSGTDFTLTISSLQPEDFATYYCFQGSQFPYTFGQGTKVEIK,IgG1,Kappa,213.95
GDPa1-179,polatuzumab,2.685,2.4800000000000004,0.0,0.013979096,0.1,-1.875,60.43,70.86500000000001,82.27,EVQLVESGGGLVQPGGSLRLSCAASGYTFSSYWIEWVRQAPGKGLEWIGEILPGGGDTNYNEIFKGRATFSADTSKNTAYLQMNSLRAEDTAVYYCTRRVPIRLDYWGQGTLVTVSS,DIQLTQSPSSLSASVGDRVTITCKASQSVDYEGDSFLNWYQQKPGKAPKLLIYAASNLESGVPSRFSGSGSGTDFTLTISSLQPEDFATYYCQQSNEDPLTFGQGTKVEIK,IgG1,Kappa,266.55
GDPa1-180,ponezumab,2.815,2.9000000000000004,0.124314371,0.1004918705,-0.14,-1.0,58.05500000000001,66.575,78.32,QVQLVQSGAEVKKPGASVKVSCKASGYYTEAYYIHWVRQAPGQGLEWMGRIDPATGNTKYAPRLQDRVTMTRDTSTSTVYMELSSLRSEDTAVYYCASLYSLPVYWGQGTTVTVSS,DVVMTQSPLSLPVTLGQPASISCKSSQSLLYSDAKTYLNWFQQRPGQSPRRLIYQISRLDPGVPDRFSGSGSGTDFTLKISRVEAEDVGVYYCLQGTHYPVLFGQGTRLEIK,IgG2,Kappa,128.11
GDPa1-181,prasinezumab,2.725,2.6100000000000003,0.295651567,0.119271647,7.86,19.125,60.64,70.315,84.86,EVQLVESGGGLVQPGGSLRLSCAASGFTFSNYGMSWVRQAPGKGLEWVASISSGGGSTYYPDNVKGRFTISRDDAKNSLYLQMNSLRAEDTAVYYCARGGAGIDYWGQGTLVTVSS,DIQMTQSPSSLSASVGDRVTITCKSIQTLLYSSNQKNYLAWFQQKPGKAPKLLIYWASIRKSGVPSRFSGSGSGTDFTLTISSLQPEDLATYYCQQYYSYPLTFGGGTKLEIK,IgG1,Kappa,210.41
GDPa1-182,prezalumab,3.005,3.055,0.0,0.0,0.1,0.625,61.905,69.935,80.68,EVQLVESGGGLVQPGGSLRLSCAASGFTFSSYWMSWVRQAPGKGLEWVAYIKQDGNEKYYVDSVKGRFTISRDNAKNSLYLQMNSLRAEDTAVYYCAREGILWFGDLPTFWGQGTLVTVSS,DIQMTQSPSSLSASVGDRVTITCRASQGISNWLAWYQQKPEKAPKSLIYAASSLQSGVPSRFSGSGSGTDFTLTISSLQPEDFATYYCQQYDSYPRTFGQGTKVEIK,IgG1,Kappa,165.68
GDPa1-183,prolgolimab,2.88,2.835,0.0,0.0,0.61,2.5,62.13,72.93,85.54,QVQLVQSGGGLVQPGGSLRLSCAASGFTFSSYWMYWVRQVPGKGLEWVSAIDTGGGRTYYADSVKGRFAISRVNAKNTMYLQMNSLRAEDTAVYYCARDEGGGTGWGVLKDWPYGLDAWGQGTLVTVSS,QPVLTQPLSVSVALGQTARITCGGNNIGSKNVHWYQQKPGQAPVLVIYRDSNRPSGIPERFSGSNSGNTATLTISRAQAGDEADYYCQVWDSSTAVFGTGTKLTVL,IgG1,Lambda,198.68
GDPa1-184,quilizumab,2.865,2.91,0.0,0.004281964,0.86,-0.375,60.825,70.55,82.81,EVQLVESGGGLVQPGGSLRLSCAASGFTFSDYGIAWVRQAPGKGLEWVAFISDLAYTIYYADTVTGRFTISRDNSKNTLYLQMNSLRAEDTAVYYCARDNWDAMDYWGQGTLVTVSS,DIQMTQSPSSLSASVGDRVTITCRSSQSLVHNNANTYLHWYQQKPGKAPKLLIYKVSNRFSGVPSRFSGSGSGTDFTLTISSLQPEDFATYYCSQNTLVPWTFGQGTKVEIK,IgG2,Kappa,249.63
GDPa1-185,racotumomab,2.685,2.515,0.142609356,0.020607746,0.1,-0.375,60.365,70.285,85.15,QVQLQQSGAELVKPGASVKLSCKASGYTFTSYDINWVRQRPEQGLEWIGWIFPGDGSTKYNEKFKGKATLTTDKSSSTAYMQLSRLTSEDSAVYFCAREDYYDNSYYFDYWGQGTTLTVSS,DIQMTQTTSSLSASLGDRVTISCRASQDISNYLNWYQQKPDGTVKLLIYYTSRLHSGVPSRFSGSGSGTDYSLTISNLEQEDIATYFCQQGNTLPWTFGGGTKLEIK,IgG1,Kappa,183.88
GDPa1-186,radretumab,2.72,2.675,0.0,0.0,0.86,12.625,59.965,70.56,83.08500000000001,EVQLLESGGGLVQPGGSLRLSCAASGFTFSSFSMSWVRQAPGKGLEWVSSISGSSGTTYYADSVKGRFTISRDNSKNTLYLQMNSLRAEDTAVYYCAKPFPYFDYWGQGTLVTVSS,EIVLTQSPGTLSLSPGERATLSCRASQSVSSSFLAWYQQKPGQAPRLLIYYASSRATGIPDRFSGSGSGTDFTLTISRLEPEDFAVYYCQQTGRIPPTFGQGTKVEIK,IgG1,Kappa,352.37
GDPa1-187,ramucirumab,2.715,2.635,0.0,0.002729152,-0.14,0.125,61.825,72.785,84.87,EVQLVQSGGGLVKPGGSLRLSCAASGFTFSSYSMNWVRQAPGKGLEWVSSISSSSSYIYYADSVKGRFTISRDNAKNSLYLQMNSLRAEDTAVYYCARVTDAFDIWGQGTMVTVSS,DIQMTQSPSSVSASIGDRVTITCRASQGIDNWLGWYQQKPGKAPKLLIYDASNLDTGVPSRFSGSGSGTYFTLTISSLQAEDFAVYFCQQAKAFPPTFGGGTKVDIK,IgG1,Kappa,174.63
GDPa1-188,ranibizumab,3.895,3.365,0.162902926,0.133556438,0.86,6.125,63.375,73.465,86.625,EVQLVESGGGLVQPGGSLRLSCAASGYDFTHYGMNWVRQAPGKGLEWVGWINTYTGEPTYAADFKRRFTFSLDTSKSTAYLQMNSLRAEDTAVYYCAKYPYYYGTSHWYFDVWGQGTLVTVSS,DIQLTQSPSSLSASVGDRVTITCSASQDISNYLNWYQQKPGKAPKVLIYFTSSLHSGVPSRFSGSGSGTDFTLTISSLQPEDFATYYCQQYSTVPWTFGQGTKVEIK,IgG1,Kappa,118.75
GDPa1-189,relatlimab,2.765,3.155,0.438595453,0.100523605,1.61,3.5,58.88,67.83500000000001,77.22,QVQLQQWGAGLLKPSETLSLTCAVYGGSFSDYYWNWIRQPPGKGLEWIGEINHRGSTNSNPSLKSRVTLSLDTSKNQFSLKLRSVTAADTAVYYCAFGYSDYEYNWFDPWGQGTLVTVSS,EIVLTQSPATLSLSPGERATLSCRASQSISSYLAWYQQKPGQAPRLLIYDASNRATGIPARFSGSGSGTDFTLTISSLEPEDFAVYYCQQRSNWPLTFGQGTNLEIK,IgG4,Kappa,302.17
GDPa1-190,reslizumab,2.77,2.845,0.371455299,0.100403654,0.86,7.5,57.525,68.59,76.19,EVQLVESGGGLVQPGGSLRLSCAVSGLSLTSNSVNWIRQAPGKGLEWVGLIWSNGDTDYNSAIKSRFTISRDTSKSTVYLQMNSLRAEDTAVYYCAREYYGYFDYWGQGTLVTVSS,DIQMTQSPSSLSASVGDRVTITCLASEGISSYLAWYQQKPGKAPKLLIYGANSLQTGVPSRFSGSGSATDYTLTISSLQPEDFATYYCQQSYKFPNTFGQGTKVEVK,IgG4,Kappa,191.93
GDPa1-191,rilotumumab,6.795,3.33,0.317444556,0.101195814,0.6,1.125,61.135000000000005,69.97,82.77,QVQLQESGPGLVKPSETLSLTCTVSGGSISIYYWSWIRQPPGKGLEWIGYVYYSGSTNYNPSLKSRVTISVDTSKNQFSLKLNSVTAADTAVYYCARGGYDFWSGYFDYWGQGTLVTVSS,EIVMTQSPATLSVSPGERATLSCRASQSVDSNLAWYRQKPGQAPRLLIYGASTRATGIPARFSGSGSGTEFTLTISSLQSEDFAVYYCQQYINWPPITFGQGTRLEIK,IgG2,Kappa,220.5
GDPa1-192,rinucumab,2.8200000000000003,2.6500000000000004,0.357163376,0.446657004,0.86,22.125,59.38,72.89,81.36,QLQLQESGPGLVKPSETLSLTCTVSGGSITSSSYYWGWIRQPPGKGLEWIGSIYYRGSTNYNPSLKSRVTISVDSSKNQFYLKVSSVTAVDTAVYYCARQNGAARPSWFDPWGQGTLVTVSS,EIVLTQSPDTISLSPGERATLSCRASQSISSIYLAWYQQKPGQAPRLLIYGASSRVTGIPDRFSVSGSGTDFTLTISRLEPEDFAVYYCQHYGISPFTFGPGTKVDIR,IgG1,Kappa,171.61
GDPa1-193,risankizumab,2.79,2.8600000000000003,0.34648967,0.341565045,1.1,5.5,61.005,70.39,84.87,QVQLVQSGAEVKKPGSSVKVSCKASGYTFTDQTIHWMRQAPGQGLEWIGYIYPRDDSPKYNENFKGKVTITADKSTSTAYMELSSLRSEDTAVYYCAIPDRSGYAWFIYWGQGTLVTVSS,DIQMTQSPSSLSASVGDRVTITCKASRDVAIAVAWYQQKPGKVPKLLIYWASTRHTGVPSRFSGSGSRTDFTLTISSLQPEDVADYFCHQYSSYPFTFGSGTKLEIK,IgG1,Kappa,210.41
GDPa1-194,rituximab,2.79,3.05,0.379826277,0.365268736,0.75,3.0,62.995,70.44,84.045,QVQLQQPGAELVKPGASVKMSCKASGYTFTSYNMHWVKQTPGRGLEWIGAIYPGNGDTSYNQKFKGKATLTADKSSSTAYMQLSSLTSEDSAVYYCARSTYYGGDWYFNVWGAGTTVTVSA,QIVLSQSPAILSASPGEKVTMTCRASSSVSYIHWFQQKPGSSPKPWIYATSNLASGVPVRFSGSGSGTSYSLTISRVEAEDAATYYCQQWTSNPPTFGGGTKLEIK,IgG1,Kappa,183.88
GDPa1-195,robatumumab,2.88,2.67,0.062537873,0.102001613,2.35,28.625,60.99,70.91,82.78,EVQLVQSGGGLVKPGGSLRLSCAASGFTFSSFAMHWVRQAPGKGLEWISVIDTRGATYYADSVKGRFTISRDNAKNSLYLQMNSLRAEDTAVYYCARLGNFYYGMDVWGQGTTVTVSS,EIVLTQSPGTLSVSPGERATLSCRASQSIGSSLHWYQQKPGQAPRLLIKYASQSLSGIPDRFSGSGSGTDFTLTISRLEPEDFAVYYCHQSSRLPHTFGQGTKVEIK,IgG1,Kappa,221.22
GDPa1-196,romosozumab,2.705,2.565,0.0,0.022310551,0.35,-0.375,59.835,71.36,80.58500000000001,EVQLVQSGAEVKKPGASVKVSCKASGYTFTDYNMHWVRQAPGQGLEWMGEINPNSGGAGYNQKFKGRVTMTTDTSTSTAYMELRSLRSDDTAVYYCARLGYDDIYDDWYFDVWGQGTTVTVSS,DIQMTQSPSSLSASVGDRVTITCRASQDISNYLNWYQQKPGKAPKLLIYYTSRLLSGVPSRFSGSGSGTDFTLTISSLQPEDFATYYCQQGDTLPYTFGGGTKVEIK,IgG2,Kappa,393.92
GDPa1-197,rontalizumab,2.8,2.9850000000000003,0.124314371,0.1004918705,0.96,9.0,60.825,70.55,82.81,EVQLVESGGGLVQPGGSLRLSCATSGYTFTEYIIHWVRQAPGKGLEWVASINPDYDITNYNQRFKGRFTISLDKSKRTAYLQMNSLRAEDTAVYYCASWISDFFDYWGQGTLVTVSS,DIQMTQSPSSLSASVGDRVTITCRASQSVSTSSYSYMHWYQQKPGKAPKVLISYASNLESGVPSRFSGSGSGTDFTLTISSLQPEDFATYYCQHSWGIPRTFGQGTKVEIK,IgG1,Kappa,89.39
GDPa1-198,rovalpituzumab,2.7350000000000003,2.62,0.03724473,0.0,0.35,-0.375,61.225,73.5,86.58,QVQLVQSGAEVKKPGASVKVSCKASGYTFTNYGMNWVRQAPGQGLEWMGWINTYTGEPTYADDFKGRVTMTTDTSTSTAYMELRSLRSDDTAVYYCARIGDSSPSDYWGQGTLVTVSS,EIVMTQSPATLSVSPGERATLSCKASQSVSNDVVWYQQKPGQAPRLLIYYASNRYTGIPARFSGSGSGTEFTLTISSLQSEDFAVYYCQQDYTSPWTFGQGTKLEIK,IgG1,Kappa,174.63
GDPa1-199,rozanolixizumab,2.715,2.575,0.124314371,0.1004918705,0.86,0.625,56.17,69.58500000000001,82.81,EVPLVESGGGLVQPGGSLRLSCAVSGFTFSNYGMVWVRQAPGKGLEWVAYIDSDGDNTYYRDSVKGRFTISRDNAKSSLYLQMNSLRAEDTAVYYCTTGIVRPFLYWGQGTLVTVSS,DIQMTQSPSSLSASVGDRVTITCKSSQSLVGASGKTYLYWLFQKPGKAPKRLIYLVSTLDSGIPSRFSGSGSGTEFTLTISSLQPEDFATYYCLQGTHFPHTFGQGTKLEIK,IgG4,Kappa,125.49
GDPa1-200,sarilumab,2.7,2.495,0.0,0.0,0.86,0.125,61.08,68.35,83.905,EVQLVESGGGLVQPGRSLRLSCAASRFTFDDYAMHWVRQAPGKGLEWVSGISWNSGRIGYADSVKGRFTISRDNAENSLFLQMNGLRAEDTALYYCAKGRDSFDIWGQGTMVTVSS,DIQMTQSPSSVSASVGDRVTITCRASQGISSWLAWYQQKPGKAPKLLIYGASSLESGVPSRFSGSGSGTDFTLTISSLQPEDFASYYCQQANSFPYTFGQGTKLEIK,IgG1,Kappa,285.99
GDPa1-201,satralizumab,2.83,2.5700000000000003,0.0,0.016008112,4.1,10.625,58.98,71.16499999999999,82.80000000000001,QVQLQESGPGLVKPSETLSLTCAVSGHSISHDHAWSWVRQPPGEGLEWIGFISYSGITNYNPSLQGRVTISRDNSKNTLYLQMNSLRAEDTAVYYCARSLARTTAMDYWGEGTLVTVSS,DIQMTQSPSSLSASVGDSVTITCQASTDISSHLNWYQQKPGKAPELLIYYGSHLLSGVPSRFSGSGSGTDFTFTISSLEAEDAATYYCGQGNRLPYTFGQGTKVEIE,IgG2,Kappa,211.24
GDPa1-202,secukinumab,2.725,3.115,0.0,0.0,0.61,-0.875,60.795,70.00999999999999,82.07,EVQLVESGGGLVQPGGSLRLSCAASGFTFSNYWMNWVRQAPGKGLEWVAAINQDGSEKYYVGSVKGRFTISRDNAKNSLYLQMNSLRVEDTAVYYCVRDYYDILTDYYIHYWYFDLWGRGTLVTVSS,EIVLTQSPGTLSLSPGERATLSCRASQSVSSSYLAWYQQKPGQAPRLLIYGASSRATGIPDRFSGSGSGTDFTLTISRLEPEDFAVYYCQQYGSSPCTFGQGTRLEIK,IgG1,Kappa,193.48
GDPa1-203,selicrelumab,2.8200000000000003,2.745,0.0,0.0,0.61,-0.875,61.25,69.67,79.875,QVQLVQSGAEVKKPGASVKVSCKASGYTFTGYYMHWVRQAPGQGLEWMGWINPDSGGTNYAQKFQGRVTMTRDTSISTAYMELNRLRSDDTAVYYCARDQPLGYCTNGVCSYFDYWGQGTLVTVSS,DIQMTQSPSSVSASVGDRVTITCRASQGIYSWLAWYQQKPGKAPNLLIYTASTLQSGVPSRFSGSGSGTDFTLTISSLQPEDFATYYCQQANIFPLTFGGGTKVEIK,IgG1,Kappa,180.76
GDPa1-204,seribantumab,2.845,2.875,0.110291613,0.108329245,3.35,17.0,59.16,73.27,82.81,EVQLLESGGGLVQPGGSLRLSCAASGFTFSHYVMAWVRQAPGKGLEWVSSISSSGGWTLYADSVKGRFTISRDNSKNTLYLQMNSLRAEDTAVYYCTRGLKMATIFDYWGQGTLVTVSS,QSALTQPASVSGSPGQSITISCTGTSSDVGSYNVVSWYQQHPGKAPKLIIYEVSQRPSGVSNRFSGSKSGNTASLTISGLQTEDEADYYCCSYAGSSIFVIFGGGTKVTVL,IgG2,Lambda,416.5
GDPa1-205,setrusumab,2.725,2.84,0.115694582,0.0,0.35,2.625,60.55,69.5,81.55,QVQLVESGGGLVQPGGSLRLSCAASGFTFRSHWLSWVRQAPGKGLEWVSNINYDGSSTYYADSVKGRFTISRDNSKNTLYLQMNSLRAEDTAVYYCARDTYLHFDYWGQGTLVTVSS,DIALTQPASVSGSPGQSITISCTGTSSDVGDINDVSWYQQHPGKAPKLMIYDVNNRPSGVSNRFSGSKSGNTASLTISGLQAEDEADYYCQSYAGSYLSEVFGGGTKLTVL,IgG1,Lambda,265.83
GDPa1-206,sifalimumab,2.74,2.6100000000000003,0.174483191,0.168453608,0.1,0.625,62.06,69.9,83.03,QVQLVQSGAEVKKPGASVKVSCKASGYTFTSYSISWVRQAPGQGLEWMGWISVYNGNTNYAQKFQGRVTMTTDTSTSTAYLELRSLRSDDTAVYYCARDPIAAGYWGQGTLVTVSS,EIVLTQSPGTLSLSPGERATLSCRASQSVSSTYLAWYQQKPGQAPRLLIYGASSRATGIPDRFSGSGSGTDFTLTISRLEPEDFAVYYCQQYGSSPRTFGQGTKVEIK,IgG1,Kappa,232.62
GDPa1-207,siltuximab,3.38,3.165,0.35051059,0.072955428,2.3600000000000003,9.0,61.64,69.81,82.85,EVQLVESGGKLLKPGGSLKLSCAASGFTFSSFAMSWFRQSPEKRLEWVAEISSGGSYTYYPDTVTGRFTISRDNAKNTLYLEMSSLRSEDTAMYYCARGLWGYYALDYWGQGTSVTVSS,QIVLIQSPAIMSASPGEKVTMTCSASSSVSYMYWYQQKPGSSPRLLIYDTSNLASGVPVRFSGSGSGTSYSLTISRMEAEDAATYYCQQWSGYPYTFGGGTKLEIK,IgG1,Kappa,257.51
GDPa1-208,simtuzumab,2.905,2.965,0.326279591,0.267503676,2.1,3.625,59.08,69.86,82.81,QVQLVQSGAEVKKPGASVKVSCKASGYAFTYYLIEWVRQAPGQGLEWIGVINPGSGGTNYNEKFKGRATITADKSTSTAYMELSSLRSEDTAVYFCARNWMNFDYWGQGTTVTVSS,DIVMTQTPLSLSVTPGQPASISCRSSKSLLHSNGNTYLYWFLQKPGQSPQFLIYRMSNLASGVPDRFSGSGSGTDFTLKISRVEAEDVGVYYCMQHLEYPYTFGGGTKVEIK,IgG4,Kappa,231.48
GDPa1-209,sintilimab,2.795,3.06,0.230613008,0.10073929,2.6100000000000003,2.0,57.5,68.26,78.25,QVQLVQSGAEVKKPGSSVKVSCKASGGTFSSYAISWVRQAPGQGLEWMGLIIPMFDTAGYAQKFQGRVAITVDESTSTAYMELSSLRSEDTAVYYCARAEHSSTGTFDYWGQGTLVTVSS,DIQMTQSPSSVSASVGDRVTITCRASQGISSWLAWYQQKPGKAPKLLISAASSLQSGVPSRFSGSGSGTDFTLTISSLQPEDFATYYCQQANHLPFTFGGGTKVEIK,IgG4,Kappa,310.74
GDPa1-210,sirukumab,3.975,3.18,0.124314371,0.1004918705,17.86,28.0,61.62,73.8,83.825,EVQLVESGGGLVQPGGSLRLSCAASGFTFSPFAMSWVRQAPGKGLEWVAKISPGGSWTYYSDTVTGRFTISRDNAKNSLYLQMNSLRAEDTAVYYCARQLWGYYALDIWGQGTTVTVSS,EIVLTQSPATLSLSPGERATLSCSASISVSYMYWYQQKPGQAPRLLIYDMSNLASGIPARFSGSGSGTDFTLTISSLEPEDFAVYYCMQWSGYPYTFGGGTKVEIK,IgG1,Kappa,83.88
GDPa1-211,solanezumab,2.62,2.53,0.0,0.0,-0.39,-1.375,73.26,81.43,82.81,EVQLVESGGGLVQPGGSLRLSCAASGFTFSRYSMSWVRQAPGKGLELVAQINSVGNSTYYPDTVKGRFTISRDNAKNTLYLQMNSLRAEDTAVYYCASGDYWGQGTLVTVSS,DVVMTQSPLSLPVTLGQPASISCRSSQSLIYSDGNAYLHWFLQKPGQSPRLLIYKVSNRFSGVPDRFSGSGSGTDFTLKISRVEAEDVGVYYCSQSTHVPWTFGQGTKVEIK,IgG1,Kappa,187.04
GDPa1-212,spartalizumab,2.72,2.62,0.08601696,0.100584296,0.86,1.125,57.955,67.775,82.81,EVQLVQSGAEVKKPGESLRISCKGSGYTFTTYWMHWVRQATGQGLEWMGNIYPGTGGSNFDEKFKNRVTITADKSTSTAYMELSSLRSEDTAVYYCTRWTTGTGAYWGQGTTVTVSS,EIVLTQSPATLSLSPGERATLSCKSSQSLLDSGNQKNFLTWYQQKPGQAPRLLIYWASTRESGVPSRFSGSGSGTDFTFTISSLEAEDAATYYCQNDYSYPYTFGQGTKVEIK,IgG4,Kappa,170.36
GDPa1-213,sutimlimab,2.7300000000000004,2.635,0.124314371,0.1004918705,26.61,24.625,54.89,69.56,77.825,EVQLVESGGGLVKPGGSLRLSCAASGFTFSNYAMSWVRQAPGKGLEWVATISSGGSHTYYLDSVKGRFTISRDNSKNTLYLQMNSLRAEDTALYYCARLFTGYAMDYWGQGTLVTVSS,QIVLTQSPATLSLSPGERATMSCTASSSVSSSYLHWYQQKPGKAPKLWIYSTSNLASGVPSRFSGSGSGTDYTLTISSLQPEDFATYYCHQYYRLPPITFGQGTKLEIK,IgG4,Kappa,142.34
GDPa1-214,tabalumab,2.915,3.025,0.357874348,0.104306069,0.96,3.125,58.155,67.0,82.81,QVQLQQWGAGLLKPSETLSLTCAVYGGSFSGYYWSWIRQPPGKGLEWIGEINHSGSTNYNPSLKSRVTISVDTSKNQFSLKLSSVTAADTAVYYCARGYYDILTGYYYYFDYWGQGTLVTVSS,EIVLTQSPATLSLSPGERATLSCRASQSVSRYLAWYQQKPGQAPRLLIYDASNRATGIPARFSGSGSGTDSTLTISSLEPEDFAVYYCQQRSNWPRTFGQGTKVEIK,IgG4,Kappa,203.97
GDPa1-215,tanezumab,3.16,3.06,0.376842666,0.018304645,1.1,3.5,59.105,71.00999999999999,80.875,QVQLQESGPGLVKPSETLSLTCTVSGFSLIGYDLNWIRQPPGKGLEWIGIIWGDGTTDYNSAVKSRVTISKDTSKNQFSLKLSSVTAADTAVYYCARGGYWYATSYYFDYWGQGTLVTVSS,DIQMTQSPSSLSASVGDRVTITCRASQSISNNLNWYQQKPGKAPKLLIYYTSRFHSGVPSRFSGSGSGTDFTFTISSLQPEDIATYYCQQEHTLPYTFGQGTKLEIK,IgG2,Kappa,202.18
GDPa1-216,tarextumab,2.72,2.46,0.252561266,0.184991216,6.859999999999999,23.0,63.545,74.135,82.81,EVQLVESGGGLVQPGGSLRLSCAASGFTFSSSGMSWVRQAPGKGLEWVSVIASSGSNTYYADSVKGRFTISRDNSKNTLYLQMNSLRAEDTAVYYCARSIFYTTWGQGTLVTVSS,DIVLTQSPATLSLSPGERATLSCRASQSVRSNYLAWYQQKPGQAPRLLIYGASSRATGVPARFSGSGSGTDFTLTISSLEPEDFAVYYCQQYSNFPITFGQGTKVEIK,IgG2,Kappa,352.64
GDPa1-217,tavolimab,2.955,2.9850000000000003,0.124314371,0.1004918705,0.86,1.625,59.31,70.44,79.85,QVQLQESGPGLVKPSQTLSLTCAVYGGSFSSGYWNWIRKHPGKGLEYIGYISYNGITYHNPSLKSRITINRDTSKNQYSLQLNSVTPEDTAVYYCARYKYDYDGGHAMDYWGQGTLVTVSS,DIQMTQSPSSLSASVGDRVTITCRASQDISNYLNWYQQKPGKAPKLLIYYTSKLHSGVPSRFSGSGSGTDYTLTISSLQPEDFATYYCQQGSALPWTFGQGTKVEIK,IgG1,Kappa,108.15
GDPa1-218,telisotuzumab,2.8200000000000003,2.685,0.0,0.0,0.25,-0.375,60.76,70.64500000000001,81.56,QVQLVQSGAEVKKPGASVKVSCKASGYIFTAYTMHWVRQAPGQGLEWMGWIKPNNGLANYAQKFQGRVTMTRDTSISTAYMELSRLRSDDTAVYYCARSEITTEFDYWGQGTLVTVSS,DIVMTQSPDSLAVSLGERATINCKSSESVDSYANSFLHWYQQKPGQPPKLLIYRASTRESGVPDRFSGSGSGTDFTLTISSLQAEDVAVYYCQQSKEDPLTFGGGTKVEIK,IgG1,Kappa,261.98
GDPa1-219,teplizumab,2.725,2.465,0.341971194,0.301780466,1.1,17.0,60.83,69.51,84.02,QVQLVQSGGGVVQPGRSLRLSCKASGYTFTRYTMHWVRQAPGKGLEWIGYINPSRGYTNYNQKVKDRFTISRDNSKNTAFLQMDSLRPEDTGVYFCARYYDDHYCLDYWGQGTPVTVSS,DIQMTQSPSSLSASVGDRVTITCSASSSVSYMNWYQQTPGKAPKRWIYDTSKLASGVPSRFSGSGSGTDYTFTISSLQPEDIATYYCQQWSSNPFTFGQGTKLQIT,IgG1,Kappa,190.23
GDPa1-220,teprotumumab,2.7350000000000003,2.575,0.217091975,0.13054719,5.46,27.125,62.01,71.19,84.65,QVELVESGGGVVQPGRSQRLSCAASGFTFSSYGMHWVRQAPGKGLEWVAIIWFDGSSTYYADSVRGRFTISRDNSKNTLYLQMNSLRAEDTAVYFCARELGRRYFDLWGRGTLVSVSS,EIVLTQSPATLSLSPGERATLSCRASQSVSSYLAWYQQKPGQAPRLLIYDASKRATGIPARFSGSGSGTDFTLTISSLEPEDFAVYYCQQRSKWPPWTFGQGTKVESK,IgG1,Kappa,240.58
GDPa1-221,tezepelumab,2.705,2.78,0.0,0.024857922,1.36,0.625,58.715,67.63,77.78,QMQLVESGGGVVQPGRSLRLSCAASGFTFRTYGMHWVRQAPGKGLEWVAVIWYDGSNKHYADSVKGRFTITRDNSKNTLNLQMNSLRAEDTAVYYCARAPQWELVHEAFDIWGQGTMVTVSS,SYVLTQPPSVSVAPGQTARITCGGNNLGSKSVHWYQQKPGQAPVLVVYDDSDRPSWIPERFSGSNSGNTATLTISRGEAGDEADYYCQVWDSSSDHVVFGGGTKLTVL,IgG2,Lambda,327.68
GDPa1-222,tigatuzumab,2.74,2.885,0.124314371,0.1004918705,1.86,12.0,61.335,74.52000000000001,87.965,EVQLVESGGGLVQPGGSLRLSCAASGFTFSSYVMSWVRQAPGKGLEWVATISSGGSYTYYPDSVKGRFTISRDNAKNTLYLQMNSLRAEDTAVYYCARRGDSMITTDYWGQGTLVTVSS,DIQMTQSPSSLSASVGDRVTITCKASQDVGTAVAWYQQKPGKAPKLLIYWASTRHTGVPSRFSGSGSGTDFTLTISSLQPEDFATYYCQQYSSYRTFGQGTKVEIK,IgG1,Kappa,121.41
GDPa1-223,tildrakizumab,2.89,3.1,0.053954425,0.093514553,0.35,0.625,60.8,70.57,82.66499999999999,QVQLVQSGAEVKKPGASVKVSCKASGYIFITYWMTWVRQAPGQGLEWMGQIFPASGSADYNEKFEGRVTMTTDTSTSTAYMELRSLRSDDTAVYYCARGGGGFAYWGQGTLVTVSS,DIQMTQSPSSLSASVGDRVTITCRTSENIYSYLAWYQQKPGKAPKLLIYNAKTLAEGVPSRFSGSGSGTDFTLTISSLQPEDFATYYCQHHYGIPFTFGQGTKVEIK,IgG1,Kappa,187.04
GDPa1-224,tislelizumab,3.06,3.085,0.316099403,0.100840995,2.35,10.5,57.23,67.905,84.565,QVQLQESGPGLVKPSETLSLTCTVSGFSLTSYGVHWIRQPPGKGLEWIGVIYADGSTNYNPSLKSRVTISKDTSKNQVSLKLSSVTAADTAVYYCARAYGNYWYIDVWGQGTTVTVSS,DIVMTQSPDSLAVSLGERATINCKSSESVSNDVAWYQQKPGQPPKLLINYAFHRFTGVPDRFSGSGYGTDFTLTISSLQAEDVAVYYCHQAYSSPYTFGQGTKLEIK,IgG4,Kappa,226.51
GDPa1-225,tisotumab,2.74,2.625,0.0,0.0,1.1,2.125,59.99,70.535,84.89500000000001,EVQLLESGGGLVQPGGSLRLSCAASGFTFSNYAMSWVRQAPGKGLEWVSSISGSGDYTYYTDSVKGRFTISRDNSKNTLYLQMNSLRAEDTAVYYCARSPWGYYLDSWGQGTLVTVSS,DIQMTQSPPSLSASAGDRVTITCRASQGISSRLAWYQQKPEKAPKSLIYAASSLQSGVPSRFSGSGSGTDFTLTISSLQPEDFATYYCQQYNSYPYTFGQGTKLEIK,IgG1,Kappa,186.82
GDPa1-226,tocilizumab,2.7300000000000004,2.545,0.171907916,0.132585081,0.1,1.0,60.53,70.125,84.42500000000001,QVQLQESGPGLVRPSQTLSLTCTVSGYSITSDHAWSWVRQPPGRGLEWIGYISYSGITTYNPSLKSRVTMLRDTSKNQFSLRLSSVTAADTAVYYCARSLARTTAMDYWGQGSLVTVSS,DIQMTQSPSSLSASVGDRVTITCRASQDISSYLNWYQQKPGKAPKLLIYYTSRLHSGVPSRFSGSGSGTDFTFTISSLQPEDIATYYCQQGNTLPYTFGQGTKVEIK,IgG1,Kappa,124.07
GDPa1-227,toripalimab,2.715,2.665,0.335853778,0.100752882,0.61,0.125,59.66,67.06,82.81,QGQLVQSGAEVKKPGASVKVSCKASGYTFTDYEMHWVRQAPIHGLEWIGVIESETGGTAYNQKFKGRVTITADKSTSTAYMELSSLRSEDTAVYYCAREGITTVATTYYWYFDVWGQGTTVTVSS,DVVMTQSPLSLPVTLGQPASISCRSSQSIVHSNGNTYLEWYLQKPGQSPQLLIYKVSNRFSGVPDRFSGSGSGTDFTLKISRVEAEDVGVYYCFQGSHVPLTFGQGTKLEIK,IgG4,Kappa,142.34
GDPa1-228,tovetumab,2.7350000000000003,2.5,0.100569062,0.100552046,0.61,1.125,63.335,75.175,82.81,QVQLVESGGGLVKPGGSLRLSCAASGFTFSDYYMNWIRQAPGKGLEWVSYISSSGSIIYYADSVKGRFTISRDNAKNSLYLQMNSLRAEDTAVYYCAREGRIAARGMDVWGQGTTVTVSS,DIQMTQSPSSLSASVGDRVSITCRPSQSFSRYINWYQQKPGKAPKLLIHAASSLVGGVPSRFSGSGSGTDFTLTISSLQPEDFATYYCQQTYSNPPITFGQGTRLEMK,IgG2,Kappa,491.52
GDPa1-229,tralokinumab,2.76,2.87,0.445672918,0.100460136,2.6100000000000003,9.0,58.14,67.83000000000001,82.81,QVQLVQSGAEVKKPGASVKVSCKASGYTFTNYGLSWVRQAPGQGLEWMGWISANNGDTNYGQEFQGRVTMTTDTSTSTAYMELRSLRSDDTAVYYCARDSSSSWARWFFDLWGRGTLVTVSS,SYVLTQPPSVSVAPGKTARITCGGNIIGSKLVHWYQQKPGQAPVLVIYDDGDRPSGIPERFSGSNSGNTATLTISRVEAGDEADYYCQVWDTGSDPVVFGGGTKLTVL,IgG4,Lambda,287.68
GDPa1-230,trastuzumab,2.725,2.675,0.0,0.0,0.1,1.0,62.46,70.68,82.745,EVQLVESGGGLVQPGGSLRLSCAASGFNIKDTYIHWVRQAPGKGLEWVARIYPTNGYTRYADSVKGRFTISADTSKNTAYLQMNSLRAEDTAVYYCSRWGGDGFYAMDYWGQGTLVTVSS,DIQMTQSPSSLSASVGDRVTITCRASQDVNTAVAWYQQKPGKAPKLLIYSASFLYSGVPSRFSGSRSGTDFTLTISSLQPEDFATYYCQQHYTTPPTFGQGTKVEIK,IgG1,Kappa,352.37
GDPa1-231,tregalizumab,2.83,2.9800000000000004,0.124314371,0.1004918705,1.1,-0.375,58.64,73.54499999999999,82.81,EEQLVESGGGLVKPGGSLRLSCAASGFSFSDCRMYWLRQAPGKGLEWIGVISVKSENYGANYAESVRGRFTISRDDSKNTVYLQMNSLKTEDTAVYYCSASYYRYDVGAWFAYWGQGTLVTVSS,DIVMTQSPDSLAVSLGERATINCRASKSVSTSGYSYIYWYQQKPGQPPKLLIYLASILESGVPDRFSGSGSGTDFTLTISSLQAEDVAVYYCQHSRELPWTFGQGTKVEIK,IgG1,Kappa,85.5
GDPa1-232,tremelimumab,4.779999999999999,3.0700000000000003,0.0,0.0,7.36,10.125,60.32,72.92500000000001,78.32,QVQLVESGGGVVQPGRSLRLSCAASGFTFSSYGMHWVRQAPGKGLEWVAVIWYDGSNKYYADSVKGRFTISRDNSKNTLYLQMNSLRAEDTAVYYCARDPRGATLYYYYYGMDVWGQGTTVTVSS,DIQMTQSPSSLSASVGDRVTITCRASQSINSYLDWYQQKPGKAPKLLIYAASSLQSGVPSRFSGSGSGTDFTLTISSLQPEDFATYYCQQYYSTPFTFGPGTKVEIK,IgG2,Kappa,339.78
GDPa1-233,ublituximab,2.87,3.14,0.124314371,0.1004918705,0.75,7.0,58.5,67.18,81.78,QAYLQQSGAELVRPGASVKMSCKASGYTFTSYNMHWVKQTPRQGLEWIGGIYPGNGDTSYNQKFKGKATLTVGKSSSTAYMQLSSLTSEDSAVYFCARYDYNYAMDYWGQGTSVTVSS,QIVLSQSPAILSASPGEKVTMTCRASSSVSYMHWYQQKPGSSPKPWIYATSNLASGVPARFSGSGSGTSYSFTISRVEAEDAATYYCQQWTFNPPTFGGGTRLEIK,IgG1,Kappa,46.59
GDPa1-234,urelumab,3.535,3.105,0.100546518,0.100754213,1.85,14.0,57.985,69.985,82.81,QVQLQQWGAGLLKPSETLSLTCAVYGGSFSGYYWSWIRQSPEKGLEWIGEINHGGYVTYNPSLESRVTISVDTSKNQFSLKLSSVTAADTAVYYCARDYGPGNYDWYFDLWGRGTLVTVSS,EIVLTQSPATLSLSPGERATLSCRASQSVSSYLAWYQQKPGQAPRLLIYDASNRATGIPARFSGSGSGTDFTLTISSLEPEDFAVYYCQQRSNWPPALTFGGGTKVEIK,IgG4,Kappa,180.78
GDPa1-235,ustekinumab,2.6900000000000004,2.45,0.167694496,0.115838705,-0.15,0.0,62.715,71.475,84.465,EVQLVQSGAEVKKPGESLKISCKGSGYSFTTYWLGWVRQMPGKGLDWIGIMSPVDSDIRYSPSFQGQVTMSVDKSITTAYLQWNSLKASDTAMYYCARRRPGQGYFDFWGQGTLVTVSS,DIQMTQSPSSLSASVGDRVTITCRASQGISSWLAWYQQKPEKAPKSLIYAASSLQSGVPSRFSGSGSGTDFTLTISSLQPEDFATYYCQQYNIYPYTFGQGTKLEIK,IgG1,Kappa,168.63
GDPa1-236,utomilumab,2.83,3.035,0.414894479,0.16640766,16.11,28.125,62.285,71.28999999999999,82.81,EVQLVQSGAEVKKPGESLRISCKGSGYSFSTYWISWVRQMPGKGLEWMGKIYPGDSYTNYSPSFQGQVTISADKSISTAYLQWSSLKASDTAMYYCARGYGIFDYWGQGTLVTVSS,SYELTQPPSVSVSPGQTASITCSGDNIGDQYAHWYQQKPGQSPVLVIYQDKNRPSGIPERFSGSNSGNTATLTISGTQAMDEADYYCATYTGFGSLAVFGGGTKLTVL,IgG2,Lambda,438.38
GDPa1-237,vadastuximab,2.705,2.58,0.155136446,0.0,-0.04,-0.875,60.665,70.28,86.03999999999999,QVQLVQSGAEVKKPGASVKVSCKASGYTFTNYDINWVRQAPGQGLEWIGWIYPGDGSTKYNEKFKAKATLTADTSTSTAYMELRSLRSDDTAVYYCASGYEDAMDYWGQGTTVTVSS,DIQMTQSPSSLSASVGDRVTINCKASQDINSYLSWFQQKPGKAPKTLIYRANRLVDGVPSRFSGSGSGQDYTLTISSLQPEDFATYYCLQYDEFPLTFGGGTKVEIK,IgG1,Kappa,261.98
GDPa1-238,varlilumab,2.7300000000000004,2.585,0.118398068,0.100799563,1.1,15.625,61.425,70.72,83.405,QVQLVESGGGVVQPGRSLRLSCAASGFTFSSYDMHWVRQAPGKGLEWVAVIWYDGSNKYYADSVKGRFTISRDNSKNTLYLQMNSLRAEDTAVYYCARGSGNWGFFDYWGQGTLVTVSS,DIQMTQSPSSLSASVGDRVTITCRASQGISRWLAWYQQKPEKAPKSLIYAASSLQSGVPSRFSGSGSGTDFTLTISSLQPEDFATYYCQQYNTYPRTFGQGTKVEIK,IgG1,Kappa,261.98
GDPa1-239,vatelizumab,2.905,2.775,0.0,0.100160525,0.4599999999999999,-0.375,61.24,71.57,85.13499999999999,QVQLQESGPGLVKPSETLSLTCTVSGFSLTNYGIHWIRQPPGKGLEWLGVIWARGFTNYNSALMSRLTISKDNSKNQVSLKLSSVTAADTAVYYCARANDGVYYAMDYWGQGTLVTVSS,DFVMTQSPAFLSVTPGEKVTITCSAQSSVNYIHWYQQKPDQAPKKLIYDTSKLASGVPSRFSGSGSGTDYTFTISSLEAEDAATYYCQQWTTNPLTFGQGTKVEIK,IgG1,Kappa,202.74
GDPa1-240,vedolizumab,3.215,3.095,0.100280359,0.02425632,0.61,0.0,60.955,70.31,84.535,QVQLVQSGAEVKKPGASVKVSCKGSGYTFTSYWMHWVRQAPGQRLEWIGEIDPSESNTNYNQKFKGRVTLTVDISASTAYMELSSLRSEDTAVYYCARGGYDGWDYAIDYWGQGTLVTVSS,DVVMTQSPLSLPVTPGEPASISCRSSQSLAKSYGNTYLSWYLQKPGQSPQLLIYGISNRFSGVPDRFSGSGSGTDFTLKISRVEAEDVGVYYCLQGTHQPYTFGQGTKVEIK,IgG1,Kappa,307.59
GDPa1-241,veltuzumab,2.85,3.16,0.0,0.065625796,0.1,-0.375,68.85499999999999,69.4,81.855,QVQLQQSGAEVKKPGSSVKVSCKASGYTFTSYNMHWVKQAPGQGLEWIGAIYPGMGDTSYNQKFKGKATLTADESTNTAYMELSSLRSEDTAFYYCARSTYYGGDWYFDVWGQGTTVTVSS,DIQLTQSPSSLSASVGDRVTMTCRASSSVSYIHWFQQKPGKAPKPWIYATSNLASGVPVRFSGSGSGTDYTFTISSLQPEDIATYYCQQWTSNPPTFGGGTKLEIK,IgG1,Kappa,221.22
GDPa1-242,visilizumab,2.745,2.495,0.337537437,0.338022299,2.8600000000000003,18.0,59.945,73.035,82.81,QVQLVQSGAEVKKPGASVKVSCKASGYTFISYTMHWVRQAPGQGLEWMGYINPRSGYTHYNQKLKDKATLTADKSASTAYMELSSLRSEDTAVYYCARSAYYDYDGFAYWGQGTLVTVSS,DIQMTQSPSSLSASVGDRVTITCSASSSVSYMNWYQQKPGKAPKRLIYDTSKLASGVPSRFSGSGSGTDFTLTISSLQPEDFATYYCQQWSSNPPTFGGGTKVEIK,IgG2,Kappa,303.51
GDPa1-243,xentuzumab,10.0,4.5,0.178787865,0.117683694,25.25,26.0,60.825,70.55,82.81,QVELVESGGGLVQPGGSLRLSCAASGFTFTSYWMSWVRQAPGKGLELVSSITSYGSFTYYADSVKGRFTISRDNSKNTLYLQMNSLRAEDTAVYYCARNMYTHFDSWGQGTLVTVSS,DIVLTQPPSVSGAPGQRVTISCSGSSSNIGSNSVSWYQQLPGTAPKLLIYDNSKRPSGVPDRFSGSKSGTSASLAITGLQSEDEADYYCQSRDTYGYYWVFGGGTKLTVL,IgG1,Lambda,281.21
GDPa1-244,zalutumumab,2.705,2.59,0.0,0.018385027,-0.14,-1.375,61.31,69.59,78.73,QVQLVESGGGVVQPGRSLRLSCAASGFTFSTYGMHWVRQAPGKGLEWVAVIWDDGSYKYYGDSVKGRFTISRDNSKNTLYLQMNSLRAEDTAVYYCARDGITMVRGVMKDYFDYWGQGTLVTVSS,AIQLTQSPSSLSASVGDRVTITCRASQDISSALVWYQQKPGKAPKLLIYDASSLESGVPSRFSGSESGTDFTLTISSLQPEDFATYYCQQFNSYPLTFGGGTKVEIK,IgG1,Kappa,266.55
GDPa1-245,zanolimumab,2.725,2.66,0.400485824,0.100804444,-0.14,0.625,62.86,70.485,86.18,QVQLQQWGAGLLKPSETLSLTCAVYGGSFSGYYWSWIRQPPGKGLEWIGEINHSGSTNYNPSLKSRVTISVDTSKNQFSLKLSSVTAADTAVYYCARVINWFDPWGQGTLVTVSS,DIQMTQSPSSVSASVGDRVTITCRASQDISSWLAWYQHKPGKAPKLLIYAASSLQSGVPSRFSGSGSGTDFTLTISSLQPEDFATYYCQQANSFPYTFGQGTKLEIK,IgG1,Kappa,301.96
GDPa1-246,zolbetuximab,2.68,2.53,0.132235402,0.101020419,30.6,29.5,59.875,69.95500000000001,84.89500000000001,QVQLQQPGAELVRPGASVKLSCKASGYTFTSYWINWVKQRPGQGLEWIGNIYPSDSYTNYNQKFKDKATLTVDKSSSTAYMQLSSPTSEDSAVYYCTRSWRGNSFDYWGQGTTLTVSS,DIVMTQSPSSLTVTAGEKVTMSCKSSQSLLNSGNQKNYLTWYQQKPGQPPKLLIYWASTRESGVPDRFTGSGSGTDFTLTISSVQAEDLAVYYCQNDYSYPFTFGSGTKLEIK,IgG1,Kappa,375.2
